Time (sec),Pitch (deg),Roll (deg),Yaw(deg),X-Acceleration (g),Y-Acceleration (g),Z-Acceleration (g),Pitch Rate (deg/sec),Roll Rate (deg/sec),Yaw Rate (deg/sec),Magnetic Field in X direction (uT),Magnetic Field in Y direction (uT),Magnetic Field in Z Direction (uT),Latitude (deg),Longitude (deg),Altitude (m)
688434462.889696,0.380510,-0.432266,-147.932483,0.001999,0.010147,0.997101,-0.003720,0.004640,-0.012093,-83.855591,76.027222,-262.698669,nan,nan,nan
688434463.089567,0.383488,-0.438293,-147.931153,0.004440,0.008835,0.995743,-0.002886,0.003375,-0.007321,-83.708832,75.934982,-263.008911,nan,nan,nan
688434463.288877,0.389341,-0.436495,-147.936194,0.001938,0.008652,0.998199,-0.003329,0.002496,-0.008109,-84.159012,75.546417,-262.342468,nan,nan,nan
688434463.489723,0.390376,-0.432773,-147.932323,0.001938,0.009155,0.997177,-0.003698,0.002041,-0.008268,-83.894150,76.038589,-262.498779,nan,nan,nan
688434463.689808,0.391902,-0.430523,-147.935600,0.001450,0.010971,0.996933,-0.001017,0.006476,-0.010409,-83.995712,75.944336,-263.007019,nan,nan,nan
688434463.889686,0.392385,-0.425195,-147.935784,0.001785,0.007370,0.997696,-0.004324,0.002360,-0.010201,-84.231247,76.065979,-262.587585,nan,nan,nan
688434464.089771,0.395679,-0.428487,-147.938270,0.002426,0.010818,0.994522,-0.004263,0.002942,-0.009225,-83.637054,75.865097,-262.243500,nan,nan,nan
688434464.289711,0.395383,-0.423012,-147.939324,0.001343,0.006668,0.997833,-0.002425,-0.001243,-0.008011,-84.247391,75.813431,-262.817871,nan,nan,nan
688434464.489153,0.396504,-0.418131,-147.939036,0.003281,0.009125,0.996719,-0.004450,0.004247,-0.012333,-84.379730,75.394028,-262.222107,nan,nan,nan
688434464.689746,0.395482,-0.414461,-147.939889,0.002243,0.008759,0.996613,-0.004207,0.000085,-0.009315,-83.963867,75.562988,-262.338013,nan,nan,nan
688434464.889266,0.400075,-0.414554,-147.940961,0.001984,0.008591,0.996201,-0.000879,-0.000355,-0.011447,-83.916443,75.722870,-262.367462,nan,nan,nan
688434465.089487,0.400155,-0.413402,-147.947226,0.003738,0.008835,0.996216,-0.000742,0.001930,-0.008615,-84.155426,75.547287,-262.667236,nan,nan,nan
688434465.289697,0.400602,-0.412212,-147.942515,0.002335,0.008286,0.997787,-0.002079,0.001325,-0.008447,-84.286682,75.533188,-262.938477,nan,nan,nan
688434465.489721,0.396475,-0.406338,-147.946105,0.001877,0.008514,0.996490,-0.001991,-0.001167,-0.007330,-84.400116,75.911926,-262.815155,nan,nan,nan
688434465.689734,0.392318,-0.401909,-147.942426,0.002441,0.008438,0.996307,-0.004109,0.001578,-0.010791,-84.161652,75.421829,-262.849701,nan,nan,nan
688434465.889728,0.394687,-0.396333,-147.947371,0.002304,0.008759,0.996658,-0.002408,0.000507,-0.009268,-84.458176,75.603638,-262.671265,nan,nan,nan
688434466.089738,0.393021,-0.391036,-147.944345,0.002380,0.007797,0.997498,-0.004541,0.003014,-0.009220,-84.025375,76.065903,-262.968018,nan,nan,nan
688434466.289699,0.389213,-0.391910,-147.942772,0.000565,0.008179,0.997589,-0.002804,0.000965,-0.009186,-84.302811,75.474304,-263.087097,nan,nan,nan
688434466.489697,0.391873,-0.387859,-147.942461,0.009842,-0.005875,0.998764,-0.003804,0.006523,-0.012522,-84.706940,75.877930,-262.710876,nan,nan,nan
688434466.689726,0.390839,-0.384552,-147.943429,0.003891,0.011841,0.996689,-0.004793,0.000487,-0.013579,-84.376877,75.618591,-262.366333,nan,nan,nan
688434466.889683,0.391129,-0.381017,-147.943743,0.001907,0.005966,0.997635,-0.004722,0.002071,-0.011681,-84.071762,75.830521,-262.954926,nan,nan,nan
688434467.089786,0.390268,-0.376505,-147.942428,-0.000259,0.012573,0.996780,-0.004416,0.001289,-0.007136,-84.420380,75.766876,-262.739502,nan,nan,nan
688434467.289715,0.386857,-0.379609,-147.942398,0.001755,0.009521,0.997406,-0.002899,0.003421,-0.009347,-84.141418,75.659668,-262.873535,nan,nan,nan
688434467.489720,0.385412,-0.377896,-147.937888,0.002167,0.007996,0.996078,-0.002044,0.002732,-0.009950,-84.273773,75.404587,-262.629272,nan,nan,nan
688434467.689724,0.390913,-0.378116,-147.950116,0.000870,0.009720,0.997238,-0.002817,-0.000580,-0.012372,-84.195724,75.436310,-262.585297,nan,nan,nan
688434467.889717,0.388418,-0.370607,-147.951024,0.000748,0.002594,0.997055,-0.004567,0.001427,-0.011516,-84.555298,75.448257,-263.077454,nan,nan,nan
688434468.089556,0.388524,-0.359646,-147.935977,0.005310,0.000015,0.998184,-0.005657,0.007032,-0.008679,-84.382523,75.560776,-262.496948,nan,nan,nan
688434468.289718,0.395192,-0.386334,-147.909138,0.009827,-0.073013,1.002594,-0.000872,0.000924,0.003878,-84.342896,75.535736,-262.673767,nan,nan,nan
688434468.489720,0.360171,-0.328484,-147.702538,-0.024323,-0.035843,0.991699,-0.006522,-0.013653,0.014215,-83.864319,74.803085,-262.579285,nan,nan,nan
688434468.689780,0.301572,-0.351129,-147.465726,-0.007263,-0.218826,1.090790,0.037108,-0.063364,0.057869,-83.402039,74.062119,-262.813599,nan,nan,nan
688434468.888961,0.289222,-0.278933,-148.232082,0.037704,-0.070770,1.103638,-0.028084,0.027980,-0.090154,-80.713699,71.092590,-263.464111,nan,nan,nan
688434469.089699,0.285311,-0.259709,-148.927180,-0.031647,-0.101288,0.806213,0.007769,0.148437,-0.061504,-76.187866,69.067383,-264.734802,nan,nan,nan
688434469.289733,0.276897,-0.053905,-148.953863,-0.070236,0.031570,1.168625,0.016112,0.033028,-0.019717,-70.554916,69.638168,-267.888611,nan,nan,nan
688434469.489755,0.411026,0.279580,-149.153964,-0.006973,0.060394,0.988525,-0.126191,0.054444,0.003851,-66.968796,72.263535,-270.195618,nan,nan,nan
688434469.689692,0.546661,-0.012782,-149.498339,0.072556,0.039963,0.933914,-0.073984,0.070898,-0.163853,-66.091141,75.517838,-270.928131,nan,nan,nan
688434469.889746,0.292039,0.238533,-150.004293,-0.032669,0.001663,0.818039,-0.050929,-0.075008,-0.011371,-67.220520,79.306961,-273.015259,nan,nan,nan
688434470.089758,0.225056,0.169591,-149.857549,-0.001205,-0.009521,1.071060,0.051271,0.152634,0.013450,-69.464554,81.957855,-273.165985,nan,nan,nan
688434470.289745,0.057520,-0.139978,-149.242157,-0.017426,0.024628,1.077042,0.097522,0.058228,0.093090,-72.074951,85.475540,-273.544556,nan,nan,nan
688434470.489818,0.249061,0.024591,-148.297605,-0.040024,0.031143,1.135651,0.067755,-0.210157,0.069845,-74.591156,88.434464,-272.048035,nan,nan,nan
688434470.689717,0.360482,-0.042685,-147.026221,0.001343,-0.001785,1.018021,-0.012922,0.023596,0.127410,-77.630173,91.031723,-270.020386,nan,nan,nan
688434470.889800,0.119969,-0.164553,-146.746198,0.031906,-0.002197,0.893753,0.080906,0.191450,-0.013982,-80.341568,92.334488,-265.324280,nan,nan,nan
688434471.089787,0.109602,-0.044952,-146.498734,-0.034836,0.030151,0.846222,-0.086476,-0.217651,0.049551,-84.097260,92.311462,-261.324860,nan,nan,nan
688434471.289744,0.135397,-0.099216,-146.747209,-0.027771,-0.037460,0.943359,0.069293,-0.151584,0.016779,-87.860687,90.827316,-256.889465,nan,nan,nan
688434471.489826,0.416204,-0.181136,-147.048466,-0.070251,-0.006424,1.422867,0.044162,-0.138775,0.016051,-91.202408,86.676239,-252.163422,nan,nan,nan
688434471.689724,0.427930,-0.297657,-146.794552,0.014008,0.007507,0.922409,0.137904,-0.037200,0.005560,-93.463333,81.302704,-248.309021,nan,nan,nan
688434471.889790,0.226814,-0.321649,-146.567196,0.010590,0.016037,1.012405,-0.038179,0.046556,0.042740,-93.989334,76.468933,-246.673691,nan,nan,nan
688434472.089873,0.240001,-0.029166,-144.555155,0.018173,0.036850,0.935684,-0.025010,0.094671,0.174777,-92.057739,70.018814,-245.598190,nan,nan,nan
688434472.289799,0.250491,-0.021327,-143.943049,-0.024475,0.044495,1.015991,0.029526,-0.007168,-0.052068,-89.341278,64.292801,-248.228714,nan,nan,nan
688434472.489774,0.235093,-0.065949,-143.746830,0.044601,0.027710,1.062515,-0.039361,0.029716,-0.018900,-85.757996,59.761887,-252.456177,nan,nan,nan
688434472.689779,0.306704,0.158707,-144.198941,-0.079391,-0.028656,1.164230,0.024469,-0.071605,-0.049165,-81.905411,58.420898,-257.299683,nan,nan,nan
688434472.889763,0.332844,-0.273134,-144.319671,0.001175,0.022339,1.024750,-0.037911,-0.032068,-0.043609,-78.386154,58.601715,-262.105743,nan,nan,nan
688434473.089619,0.293771,-0.357224,-144.396163,0.031799,-0.016418,1.222290,0.087734,0.059672,0.030972,-75.636887,60.774246,-265.436279,nan,nan,nan
688434473.289755,0.373749,-0.160740,-144.178822,-0.046707,-0.019653,0.982773,0.008780,-0.067770,0.034671,-73.639282,63.404434,-268.388489,nan,nan,nan
688434473.489767,0.383577,-0.220532,-143.417875,-0.030167,0.036804,0.999054,0.092138,-0.116581,0.113754,-72.477783,65.999939,-269.854523,nan,nan,nan
688434473.688865,0.208667,-0.012563,-143.249509,-0.047043,0.011734,0.830811,0.008712,-0.008862,0.041220,-72.258896,67.839035,-270.947937,nan,nan,nan
688434473.888946,0.351946,-0.276372,-143.307723,-0.005890,-0.001358,0.904617,0.059206,-0.052024,0.001533,-72.080963,70.033981,-271.653076,nan,nan,nan
688434474.088888,0.268111,-0.185363,-143.676608,0.011276,0.035797,1.038696,-0.011352,-0.008426,-0.022714,-71.967590,72.452591,-272.361389,nan,nan,nan
688434474.289789,0.055601,-0.189814,-144.712647,-0.012207,-0.032349,0.913071,-0.111687,0.002354,-0.116894,-72.065948,75.027390,-272.448212,nan,nan,nan
688434474.489851,-0.040839,-0.087577,-146.296068,-0.039703,0.023407,0.860413,-0.020010,-0.011281,-0.203843,-73.172180,78.847504,-271.849548,nan,nan,nan
688434474.689797,0.129623,-0.159329,-148.305024,-0.014496,0.005203,0.746109,-0.067146,-0.005779,-0.185402,-76.316498,82.428864,-271.897156,nan,nan,nan
688434474.889829,0.062705,-0.167135,-149.216530,0.019516,0.038651,0.903061,-0.034962,0.035304,-0.077975,-80.503433,83.985214,-268.926788,nan,nan,nan
688434475.089853,0.002955,-0.249521,-149.811515,0.007980,0.037262,0.890167,-0.040107,0.016969,-0.094644,-84.826324,84.438812,-267.053467,nan,nan,nan
688434475.289851,0.062497,-0.374558,-149.744136,0.040375,0.028870,1.134460,0.022423,0.081277,0.045611,-88.139603,82.532364,-264.372437,nan,nan,nan
688434475.489770,0.083283,-0.270206,-148.762733,0.007248,0.003036,0.978027,0.072527,0.033722,0.087482,-90.070267,81.106232,-263.137665,nan,nan,nan
688434475.689826,0.036665,-0.274337,-148.259174,0.027618,-0.024658,1.058746,0.057086,0.017139,-0.058432,-90.946518,79.546066,-263.195984,nan,nan,nan
688434475.889782,0.110522,-0.198176,-148.383823,0.017212,0.017883,1.142990,0.045977,0.024412,0.024953,-90.792496,77.546112,-263.102722,nan,nan,nan
688434476.089769,0.124409,-0.142715,-148.543148,-0.027634,0.012894,0.979340,0.017132,-0.067977,-0.001713,-89.582428,76.562897,-263.411987,nan,nan,nan
688434476.289769,-0.065048,-0.203560,-148.630285,0.008926,-0.000519,1.023315,-0.008161,0.081931,-0.084971,-88.189178,76.408997,-263.622040,nan,nan,nan
688434476.489785,0.060582,-0.190770,-149.780160,-0.025101,0.000641,0.967575,0.023738,-0.051045,-0.069546,-85.964767,76.487549,-264.310883,nan,nan,nan
688434476.689782,0.257279,-0.282910,-150.865584,0.017319,0.005966,0.968430,0.005663,-0.004078,-0.098092,-85.071899,77.647537,-263.874268,nan,nan,nan
688434476.889823,0.167909,-0.422379,-151.466158,0.002762,-0.029984,1.060135,-0.084552,0.024631,-0.074448,-84.846893,77.864365,-262.427979,nan,nan,nan
688434477.089790,0.224594,-0.379615,-151.588175,0.023651,0.013489,0.862000,0.074444,-0.057508,-0.010914,-85.432709,78.249939,-260.191162,nan,nan,nan
688434477.289816,0.070228,-0.389051,-151.595493,-0.003342,0.015869,1.058304,-0.082319,-0.134037,0.000633,-86.108994,77.469528,-258.464722,nan,nan,nan
688434477.489829,0.040427,-0.078221,-151.022987,-0.023224,-0.003922,1.057709,0.142444,0.045005,0.079278,-86.359985,76.121353,-257.605774,nan,nan,nan
688434477.689804,0.067571,-0.237466,-150.164585,0.061859,-0.007126,1.038666,-0.031728,-0.073346,-0.012612,-86.072952,74.573700,-258.026184,nan,nan,nan
688434477.889784,0.105921,0.022935,-150.524021,-0.030060,-0.004974,0.854889,-0.163910,-0.048854,-0.030631,-85.203995,73.523529,-260.368225,nan,nan,nan
688434478.089649,0.224359,0.067384,-151.124087,0.039597,0.029480,1.110809,0.114726,0.126746,-0.098282,-85.277451,76.724945,-263.420288,nan,nan,nan
688434478.289792,-0.141824,0.055820,-152.301739,-0.036911,-0.002960,0.943253,-0.038855,0.016867,-0.210319,-86.302155,84.318634,-258.506653,nan,nan,nan
688434478.489817,-0.118194,0.194462,-154.137551,-0.028168,0.030640,1.066818,0.060693,0.018298,-0.180429,-86.597305,82.197357,-246.033737,nan,nan,nan
688434478.689876,0.064493,0.044451,-155.184478,0.008499,0.042175,0.963928,-0.029754,0.039068,-0.069809,-87.957153,77.249146,-242.154846,nan,nan,nan
688434478.889829,0.093737,0.165782,-155.514834,-0.046616,0.031326,1.003647,-0.012533,-0.129385,0.009020,-89.296570,75.488480,-239.369034,nan,nan,nan
688434479.089847,0.064011,-0.146973,-155.844858,-0.013351,0.007828,0.928986,-0.037330,-0.049307,-0.008446,-89.011398,71.879059,-235.591736,nan,nan,nan
688434479.289880,0.202687,0.047013,-154.744140,-0.012741,0.014572,0.999878,0.025549,-0.048019,0.158773,-88.724823,66.411545,-235.061325,nan,nan,nan
688434479.489766,0.260883,0.048590,-153.253881,-0.025726,0.021790,0.974106,0.022433,-0.050499,0.139314,-90.392654,61.391556,-238.760910,nan,nan,nan
688434479.689877,0.264117,0.063753,-152.068714,0.019287,-0.009247,0.896805,-0.037913,-0.011169,0.012064,-91.311310,59.530670,-242.253265,nan,nan,nan
688434479.889848,0.160894,0.017412,-152.341476,-0.004318,-0.007797,0.921509,-0.040350,-0.014390,-0.050004,-91.208939,57.771515,-245.691620,nan,nan,nan
688434480.089824,0.020691,-0.023275,-152.683247,-0.001572,0.017471,0.952148,-0.036044,0.091456,-0.028688,-89.466537,58.292633,-249.307724,nan,nan,nan
688434480.289892,0.069263,0.015621,-152.677262,-0.018372,0.002731,1.045990,0.020014,-0.023356,-0.010890,-88.955917,61.074768,-249.057343,nan,nan,nan
688434480.489802,0.149444,-0.130706,-153.133835,-0.022903,0.001663,0.994095,0.032764,-0.014622,0.024483,-90.547745,59.846573,-245.756332,nan,nan,nan
688434480.689957,0.230455,0.038405,-154.061188,-0.004318,0.003494,0.994034,-0.036880,-0.004832,-0.143450,-91.345978,55.886642,-244.986374,nan,nan,nan
688434480.889920,0.097602,-0.068465,-155.287683,-0.057709,0.008987,1.137955,0.061287,-0.024914,-0.045462,-90.602554,52.412521,-246.014389,nan,nan,nan
688434481.089842,-0.039720,0.138914,-155.171090,-0.048859,-0.005219,1.055252,0.013255,-0.044981,0.059065,-88.356445,52.293655,-247.098389,nan,nan,nan
688434481.289824,0.033364,-0.002779,-154.879650,-0.009354,-0.026627,0.864090,-0.099287,0.104627,0.020237,-85.121048,51.924942,-246.328064,nan,nan,nan
688434481.489870,0.112296,0.145737,-154.296492,-0.012436,0.008347,0.977341,-0.019255,-0.022693,0.053333,-81.281601,47.217804,-243.585220,nan,nan,nan
688434481.689844,0.104155,-0.016692,-153.247680,0.033676,-0.034286,1.078888,0.004020,0.056125,0.052509,-78.636734,39.877930,-250.182114,nan,nan,nan
688434481.889831,0.116461,0.033945,-152.088521,0.049210,0.022247,1.119095,0.052572,-0.105416,0.056541,-77.399002,41.463257,-264.495117,nan,nan,nan
688434482.089831,0.060421,0.054807,-152.003076,-0.006027,0.035172,0.977005,-0.024917,0.029053,-0.003600,-74.684982,46.579498,-271.774963,nan,nan,nan
688434482.289744,0.017394,0.205510,-151.763143,0.007736,-0.076218,1.069565,0.031954,-0.111107,0.025137,-71.998352,53.769669,-277.202148,nan,nan,nan
688434482.489818,0.053855,0.191025,-151.376554,-0.005981,-0.004425,0.935364,0.015560,0.064328,0.013671,-70.536880,62.884232,-276.187561,nan,nan,nan
688434482.689848,0.195654,0.023920,-150.959563,0.007187,0.026611,1.033966,-0.003314,0.017362,-0.013696,-70.870285,66.029434,-273.456482,nan,nan,nan
688434482.889836,0.134998,0.099503,-151.284248,-0.040344,-0.052338,0.955887,-0.130562,-0.046311,0.046199,-71.764114,67.056046,-271.116882,nan,nan,nan
688434483.089656,0.007421,0.147242,-151.087946,-0.016312,-0.009064,0.980881,-0.032107,-0.129577,-0.028767,-73.588547,66.991516,-269.937622,nan,nan,nan
688434483.289854,0.040805,0.409617,-150.761799,0.005005,0.055084,0.958740,0.005234,0.030207,0.039819,-75.553421,66.836136,-268.356567,nan,nan,nan
688434483.489839,0.028548,0.172317,-149.989040,0.025360,0.032883,0.960861,-0.022971,0.039708,0.036469,-77.775406,65.751373,-267.188354,nan,nan,nan
688434483.689900,-0.003646,0.086831,-149.483095,-0.005936,0.000214,0.901169,0.017241,-0.120704,0.000621,-79.684891,65.542603,-266.126129,nan,nan,nan
688434483.889827,-0.026752,0.176186,-149.345980,-0.032745,-0.003464,1.065384,0.026460,-0.014009,0.075341,-81.182938,65.129456,-263.689697,nan,nan,nan
688434484.089823,-0.014392,0.068623,-148.813746,0.029587,0.008347,0.951447,-0.068907,-0.006801,-0.008578,-83.128204,64.918228,-263.427673,nan,nan,nan
688434484.289840,-0.066655,-0.003528,-148.208669,-0.040253,-0.055450,1.093399,0.012546,-0.143235,0.130130,-84.679504,66.227585,-262.565247,nan,nan,nan
688434484.489852,0.093358,0.215084,-146.152563,0.019501,0.025223,1.150085,0.038499,0.052357,0.217810,-86.404358,66.826523,-261.641205,nan,nan,nan
688434484.689849,0.009337,0.035282,-144.079023,-0.014206,0.031921,0.837143,-0.068787,0.050500,0.103076,-87.818405,68.847992,-261.179871,nan,nan,nan
688434484.889843,-0.011718,0.204855,-143.259123,-0.032211,-0.013199,0.886063,0.015734,-0.132163,0.103185,-87.695618,69.660141,-261.115143,nan,nan,nan
688434485.089838,0.005814,0.137276,-142.521776,-0.012802,0.028152,1.035782,0.027071,0.005302,0.085525,-88.012268,70.471527,-260.947144,nan,nan,nan
688434485.289823,-0.030612,0.121262,-142.057503,0.018005,0.025482,0.881088,-0.030674,-0.023617,-0.023673,-87.999191,71.661835,-260.537537,nan,nan,nan
688434485.489830,-0.032352,0.109370,-142.519105,-0.027374,0.003510,1.032013,-0.020837,-0.163422,-0.029631,-87.261246,71.800812,-259.707184,nan,nan,nan
688434485.689886,0.107025,0.049377,-142.692762,-0.016159,0.009995,1.013229,0.024645,-0.011890,0.018450,-87.111465,72.313919,-259.677063,nan,nan,nan
688434485.889852,0.182688,0.006168,-142.515641,0.004852,-0.008270,0.971252,0.014982,-0.006731,0.038326,-86.727325,72.616150,-259.979553,nan,nan,nan
688434486.089926,0.217825,-0.136600,-142.211561,0.004547,0.007950,1.031067,0.010995,0.014100,0.012014,-86.306396,73.264633,-259.998871,nan,nan,nan
688434486.289867,0.236277,-0.001953,-143.496939,-0.005493,0.022049,0.954773,-0.077303,0.038645,-0.182152,-84.927078,72.595673,-259.810486,nan,nan,nan
688434486.489889,0.190423,-0.119299,-145.129955,-0.059021,0.015381,1.305573,0.109695,0.007152,-0.080516,-84.475998,73.313339,-260.706909,nan,nan,nan
688434486.689870,0.260078,-0.108054,-145.018530,0.035660,0.041260,1.052521,-0.023733,0.010880,0.025137,-84.019058,74.028763,-260.880768,nan,nan,nan
688434486.889833,0.413359,-0.031722,-144.900689,-0.007431,0.025131,1.060959,0.036464,-0.095438,-0.015754,-82.931503,75.059219,-260.584351,nan,nan,nan
688434487.089870,0.267796,-0.067767,-145.114827,-0.001312,-0.012970,0.887283,-0.061508,0.029264,0.009064,-81.839005,75.981705,-260.059479,nan,nan,nan
688434487.289898,-0.060907,0.042979,-144.758207,0.012924,0.017548,1.051224,0.007716,0.042162,0.058007,-80.903015,76.295532,-259.226471,nan,nan,nan
688434487.489972,-0.498447,-0.166713,-144.145275,-0.028015,-0.060059,1.102158,0.067967,0.034915,-0.041931,-80.236359,76.318726,-258.686584,nan,nan,nan
688434487.689863,-0.403838,-0.005711,-144.171520,0.003525,0.022247,1.054291,-0.050904,-0.089028,0.021235,-79.789444,74.584229,-256.583557,nan,nan,nan
688434487.889794,0.020831,-0.303391,-144.031318,0.004974,0.015396,0.926437,0.109861,0.097153,-0.085275,-79.920914,73.193604,-256.748718,nan,nan,nan
688434488.089598,0.049750,-0.121241,-144.875425,-0.025894,0.026535,1.097778,0.044614,-0.050793,-0.045914,-79.693619,72.076981,-257.072876,nan,nan,nan
688434488.289879,-0.291272,-0.026358,-145.363535,-0.044418,0.033051,1.001495,0.007909,-0.042122,0.028259,-80.032516,71.459915,-256.773254,nan,nan,nan
688434488.489883,-0.117563,-0.285477,-145.325248,0.004089,-0.000214,0.964569,0.005183,-0.077157,-0.038573,-80.021698,70.267654,-256.166870,nan,nan,nan
688434488.689867,-0.211643,-0.086984,-145.676563,-0.006210,-0.035919,0.893250,-0.052540,0.009411,-0.038464,-79.627197,69.676895,-256.778595,nan,nan,nan
688434488.889854,-0.260704,-0.286808,-144.780219,0.016586,-0.015610,0.987442,-0.017882,-0.038158,0.046845,-79.897568,69.558456,-256.447845,nan,nan,nan
688434489.089863,-0.187564,-0.425051,-143.582230,0.042419,-0.030975,0.898560,0.024103,-0.120678,0.097520,-80.505219,68.553238,-256.071808,nan,nan,nan
688434489.289859,-0.056693,-0.094136,-143.823115,-0.046997,0.038910,1.015259,0.019510,-0.080171,-0.017071,-80.253342,68.464493,-257.072510,nan,nan,nan
688434489.489938,-0.156908,-0.374270,-143.859979,-0.009918,0.049210,1.107086,-0.047108,0.000307,-0.007488,-80.697006,67.826584,-257.576630,nan,nan,nan
688434489.689926,-0.223999,-0.198630,-144.059136,-0.028076,0.047714,1.021576,0.034445,-0.014047,-0.007300,-80.485703,67.659943,-256.792664,nan,nan,nan
688434489.889941,-0.068800,-0.191427,-144.539139,0.037949,0.032822,0.996399,0.028145,-0.006359,-0.083440,-80.384262,67.614410,-257.225220,nan,nan,nan
688434490.089997,0.040929,-0.277969,-145.027837,-0.035080,0.015213,1.025223,0.003444,-0.013146,-0.065296,-80.428894,67.028931,-257.574524,nan,nan,nan
688434490.289881,0.169134,-0.123579,-145.431380,0.000381,0.014221,0.938705,-0.035834,0.088589,0.016413,-80.444092,67.025467,-258.131958,nan,nan,nan
688434490.489899,0.116093,-0.043599,-145.309370,-0.013702,0.014694,1.009308,0.013090,-0.016868,0.013313,-80.463257,67.111786,-258.044556,nan,nan,nan
688434490.690066,0.210552,-0.021249,-145.608271,-0.005875,-0.119843,1.047958,0.033460,-0.006333,-0.068187,-80.709305,67.238953,-258.296387,nan,nan,nan
688434490.889918,0.012269,-0.036301,-145.798182,0.024078,0.001724,1.137939,0.030735,0.074767,-0.090146,-80.781433,66.851089,-257.995911,nan,nan,nan
688434491.089898,-0.122472,-0.327541,-145.774627,-0.008636,-0.066193,1.028412,0.025425,-0.111509,0.012362,-80.848083,67.078766,-259.173859,nan,nan,nan
688434491.289912,0.069267,-0.250229,-144.226137,0.005310,0.003922,1.202148,0.068263,-0.036934,0.131494,-81.786453,67.349289,-259.669250,nan,nan,nan
688434491.489923,0.256827,-0.329733,-142.053472,0.037704,0.047409,0.937775,-0.045912,0.038199,0.110939,-83.015152,66.508698,-260.099670,nan,nan,nan
688434491.689914,0.223886,-0.284359,-141.366799,0.036774,-0.008514,1.018890,-0.018019,0.080893,0.000788,-83.545425,66.202042,-260.908020,nan,nan,nan
688434491.889930,0.671528,-0.319405,-141.043551,0.041550,0.014908,0.970306,0.108023,0.088198,-0.010952,-84.584351,64.935013,-261.893677,nan,nan,nan
688434492.089903,0.743232,-0.387810,-140.957145,-0.013016,-0.019608,1.022324,0.080521,-0.128400,0.036810,-85.243774,62.374207,-263.215149,nan,nan,nan
688434492.290001,0.396943,-0.060676,-140.934955,-0.018707,0.013199,1.064102,-0.077607,-0.043550,-0.013517,-85.973953,59.800522,-266.404541,nan,nan,nan
688434492.490025,0.296587,-0.062128,-140.711603,0.001175,0.022003,0.887650,-0.065745,-0.044977,-0.002485,-87.227600,56.527664,-272.000244,nan,nan,nan
688434492.689969,0.293479,-0.281593,-141.111862,0.035355,-0.015778,1.050323,0.061677,-0.067545,-0.012271,-88.571182,55.667526,-278.261841,nan,nan,nan
688434492.889909,0.298793,0.026401,-141.151713,0.002625,-0.005905,0.904388,-0.124281,0.010962,0.019349,-85.773422,59.204651,-284.982697,nan,nan,nan
688434493.089704,0.298274,0.063821,-140.609847,-0.070648,0.032547,1.091003,-0.056091,-0.138875,0.046006,-80.860336,65.952225,-288.401581,nan,nan,nan
688434493.289916,0.184350,0.002990,-140.799877,0.004318,0.013580,1.099213,0.023201,0.087960,-0.008315,-79.316254,72.648438,-292.055725,nan,nan,nan
688434493.490020,0.236004,0.022303,-140.690865,-0.051651,0.055328,1.077698,0.010137,0.009676,-0.036143,-78.991318,79.818741,-290.159912,nan,nan,nan
688434493.689922,0.201219,-0.063913,-141.368767,-0.005280,0.048233,1.044327,0.030036,0.004807,-0.080628,-79.118713,82.634857,-285.871704,nan,nan,nan
688434493.889976,0.311684,-0.106873,-142.194774,-0.033157,0.008667,1.129700,0.119444,-0.026725,-0.068473,-79.659195,83.735321,-281.230103,nan,nan,nan
688434494.089881,0.331074,-0.001363,-142.444027,-0.043427,-0.011566,1.066315,0.041081,-0.068464,-0.032919,-79.465698,83.797470,-277.596436,nan,nan,nan
688434494.289879,0.314612,-0.092512,-143.249585,0.000717,-0.009354,0.924408,-0.034298,0.092134,-0.047328,-79.805023,84.036270,-273.226379,nan,nan,nan
688434494.489878,0.049999,-0.370454,-143.855780,0.029129,-0.052994,1.067795,0.062188,0.079203,-0.108486,-80.902679,83.876526,-269.043701,nan,nan,nan
688434494.689988,0.165218,-0.072848,-144.113463,-0.035675,-0.003830,0.879608,0.027455,-0.111027,0.005397,-81.662796,88.350983,-264.281769,nan,nan,nan
688434494.889901,0.059645,-0.035433,-144.407841,-0.018311,0.013947,1.090012,0.008002,0.019127,0.018611,-87.115067,87.145081,-248.359848,nan,nan,nan
688434495.089933,0.093546,-0.079703,-144.862865,-0.031174,0.013229,1.099808,0.004976,-0.033787,-0.058079,-85.101944,75.432617,-241.666763,nan,nan,nan
688434495.289999,0.162843,-0.070636,-145.700892,-0.016312,0.002792,1.089630,-0.066582,-0.071070,-0.110474,-78.825455,71.425598,-242.746674,nan,nan,nan
688434495.489904,-0.007527,-0.004281,-146.607135,0.036865,-0.016357,1.442795,0.197772,0.097035,-0.050164,-76.091431,72.308456,-243.177719,nan,nan,nan
688434495.689961,0.110800,-0.167050,-147.087499,-0.033066,0.028076,0.956818,-0.036259,-0.023737,-0.041454,-77.778595,71.842163,-241.178741,nan,nan,nan
688434495.889918,0.323420,-0.040313,-147.175108,0.017990,0.041489,1.087082,0.033309,0.029951,-0.021782,-80.072937,69.674942,-239.364258,nan,nan,nan
688434496.089958,0.224916,-0.192260,-148.665880,-0.027832,0.031876,1.001266,-0.070856,-0.106615,-0.232663,-82.800995,69.173157,-241.677567,nan,nan,nan
688434496.289891,0.354342,-0.142668,-150.665749,-0.024734,0.020386,0.983749,0.019656,-0.040359,-0.149196,-84.323502,69.989258,-242.569290,nan,nan,nan
688434496.489951,0.246714,-0.194329,-151.477991,-0.004105,0.002426,0.912415,-0.032624,-0.051209,-0.018461,-86.198364,69.854095,-242.529587,nan,nan,nan
688434496.689957,0.140319,-0.190742,-151.530201,0.005722,0.007355,0.940491,-0.028414,-0.018341,-0.062773,-88.425064,69.563614,-242.669876,nan,nan,nan
688434496.889478,0.190188,-0.022912,-151.710779,-0.012405,0.009537,1.003479,0.002094,-0.051966,0.017448,-90.356384,69.198914,-242.955597,nan,nan,nan
688434497.089530,0.102865,0.000752,-150.486270,-0.010910,0.038162,0.928452,-0.068164,-0.056363,0.151332,-92.232910,68.083740,-243.221542,nan,nan,nan
688434497.289634,0.169946,-0.001027,-149.354527,-0.000916,0.011108,0.979034,0.027975,-0.018540,0.106976,-93.054428,67.704529,-243.521973,nan,nan,nan
688434497.489524,0.402665,0.321721,-148.982442,-0.016876,-0.003571,0.896271,-0.016974,0.054517,-0.009517,-93.606445,66.944931,-244.760422,nan,nan,nan
688434497.689577,0.374702,-0.058768,-149.060536,-0.024887,0.046387,0.927917,-0.110704,-0.043495,0.013550,-94.272537,67.229599,-244.304199,nan,nan,nan
688434497.889510,0.154901,0.008324,-149.072002,-0.061234,0.027832,1.044815,-0.031535,-0.060875,0.013325,-94.854813,67.703522,-244.124115,nan,nan,nan
688434498.089544,-0.146610,-0.241841,-148.906041,0.020935,-0.001785,0.919891,-0.054216,-0.029154,0.005437,-96.996933,68.080948,-242.107010,nan,nan,nan
688434498.289506,-0.288319,-0.444833,-148.812466,0.003616,-0.039261,1.035141,0.080784,-0.038954,-0.039333,-99.471863,66.335754,-240.611847,nan,nan,nan
688434498.489575,-0.128441,-0.442854,-148.678004,0.045181,-0.013260,1.026062,0.009909,0.050968,-0.006474,-100.275833,62.723267,-239.511383,nan,nan,nan
688434498.689946,-0.146867,-0.414079,-149.007724,0.030518,-0.024597,0.999344,-0.049521,0.108215,-0.061764,-98.491882,58.911499,-241.077927,nan,nan,nan
688434498.889976,-0.133011,-0.244911,-149.067059,-0.021179,0.009552,1.130157,0.117103,-0.075150,-0.057280,-94.112030,57.581589,-245.530060,nan,nan,nan
688434499.089954,-0.061515,-0.234895,-150.710949,-0.021057,0.049042,0.954453,-0.004136,-0.043454,-0.189035,-89.493790,58.626175,-249.936310,nan,nan,nan
688434499.289964,0.022125,-0.305183,-152.299493,-0.005661,0.019669,0.881500,-0.045142,0.061874,-0.109818,-86.978226,62.368652,-252.340897,nan,nan,nan
688434499.489975,0.087102,-0.366211,-152.611333,0.007568,0.024414,1.014893,-0.005000,0.004744,-0.074595,-86.822311,66.436142,-253.642593,nan,nan,nan
688434499.689983,0.096840,-0.486180,-153.145409,0.001816,0.028854,0.903000,-0.047500,0.009661,-0.035269,-88.206497,68.813904,-253.016190,nan,nan,nan
688434499.889969,0.038520,-0.537046,-153.322274,-0.008606,-0.018936,0.975998,-0.010307,0.006272,-0.018384,-90.925217,69.988754,-251.908035,nan,nan,nan
688434500.089425,-0.121838,-0.481886,-151.755603,0.006454,0.045578,0.967300,-0.044897,0.061223,0.178485,-93.771225,70.298706,-250.894943,nan,nan,nan
688434500.290131,0.003127,-0.781620,-150.318981,0.010025,-0.000732,0.977768,0.019019,-0.055797,0.080544,-96.604111,69.626251,-250.001770,nan,nan,nan
688434500.489982,0.166080,-0.885853,-149.605336,0.059738,-0.011993,1.072189,0.016026,0.086842,-0.029748,-98.753937,67.444794,-248.195847,nan,nan,nan
688434500.690082,0.302320,-0.831943,-149.527771,-0.032104,0.033340,0.955795,-0.049650,0.079616,-0.004697,-100.400436,64.075485,-247.866058,nan,nan,nan
688434500.889964,0.050898,-0.805693,-149.640338,0.044693,-0.005722,0.941544,-0.027644,0.081989,-0.025333,-100.212173,61.083786,-248.723282,nan,nan,nan
688434501.090001,-0.287651,-0.533280,-149.827479,-0.004990,-0.010361,1.137314,0.038473,0.124789,-0.100209,-98.674698,58.077438,-249.983704,nan,nan,nan
688434501.289935,-0.238843,-0.470625,-150.748239,0.013763,0.018021,0.978622,-0.026302,0.028381,-0.065035,-95.611786,55.704956,-251.778305,nan,nan,nan
688434501.489986,0.117957,-0.357944,-151.874335,0.013504,-0.001709,0.994537,-0.009258,0.038984,-0.084104,-92.824112,54.486008,-253.243271,nan,nan,nan
688434501.689992,0.031006,-0.308935,-152.381346,0.030807,-0.014786,0.885574,0.004659,0.129957,-0.052335,-89.344803,55.080750,-254.724091,nan,nan,nan
688434501.890102,-0.043861,-0.354603,-152.583413,-0.014755,-0.010193,1.138260,0.024413,-0.032511,-0.013982,-87.262497,56.341812,-256.102844,nan,nan,nan
688434502.090011,-0.061442,-0.230706,-152.735651,0.031647,-0.001221,1.043335,-0.045295,0.103819,-0.066029,-85.250122,58.208740,-257.422699,nan,nan,nan
688434502.290056,-0.073293,-0.372517,-153.347387,-0.008987,0.022598,0.957977,-0.057838,-0.024034,-0.033342,-83.522964,60.059387,-258.235229,nan,nan,nan
688434502.490058,-0.127519,-0.160233,-153.700241,0.004700,0.004532,1.053024,0.000184,-0.003567,-0.013412,-81.849792,61.400864,-258.586090,nan,nan,nan
688434502.690085,-0.001179,-0.386048,-153.506834,0.015884,0.037582,0.971405,0.002840,-0.050521,0.008523,-80.669815,62.556046,-258.967407,nan,nan,nan
688434502.890027,0.019315,-0.213523,-152.815905,0.026398,0.004059,1.013107,0.066310,0.064279,0.077475,-80.239120,63.366241,-259.035034,nan,nan,nan
688434503.089798,-0.031000,-0.211098,-152.141570,0.022629,0.001160,0.937531,-0.022764,-0.029079,0.032379,-80.302887,63.691483,-259.596466,nan,nan,nan
688434503.290017,0.038010,-0.273342,-152.240207,0.013916,0.009308,0.884171,-0.067576,0.132446,-0.002144,-80.799835,63.918091,-259.421082,nan,nan,nan
688434503.490001,0.211967,-0.339834,-152.481226,-0.102966,0.010040,0.997833,-0.097757,-0.062391,0.058163,-81.138336,63.461380,-259.699280,nan,nan,nan
688434503.690018,0.015452,-0.119508,-152.673921,0.019608,-0.023026,0.937866,-0.005644,0.180932,0.022821,-81.552750,63.823395,-261.331909,nan,nan,nan
688434503.889965,0.105470,0.119494,-152.117543,-0.006897,0.012863,1.066040,-0.016278,0.003790,0.010622,-81.925644,64.167038,-262.601410,nan,nan,nan
688434504.089975,0.096433,-0.102199,-152.208108,0.017273,0.031296,1.109879,0.013218,-0.027553,0.006012,-81.431717,65.159180,-262.817688,nan,nan,nan
688434504.289984,0.210547,0.013731,-152.054112,-0.023682,-0.010223,0.956772,0.041492,0.012760,0.011183,-80.291519,66.202972,-263.078308,nan,nan,nan
688434504.489981,0.300349,-0.091063,-151.137486,0.005783,-0.031677,1.183289,0.013737,0.031599,0.100703,-79.320496,67.857727,-262.666046,nan,nan,nan
688434504.690008,0.348009,0.270509,-150.743206,0.032257,-0.004105,0.912292,-0.040759,-0.059269,0.009487,-77.309738,68.488693,-262.624817,nan,nan,nan
688434504.889970,0.263060,0.073546,-150.280171,-0.048248,-0.003983,1.052811,-0.005650,0.062978,0.037378,-76.400818,68.979523,-261.830444,nan,nan,nan
688434505.089960,0.331159,-0.050469,-148.706341,-0.055786,0.024231,0.860413,-0.089009,-0.045331,0.237115,-76.064102,69.185501,-261.779175,nan,nan,nan
688434505.290009,0.369986,-0.322992,-146.487732,0.057983,0.031708,0.878937,-0.145693,0.004992,0.070934,-76.385559,69.352112,-261.082245,nan,nan,nan
688434505.490050,0.232450,-0.147270,-145.548035,-0.010895,-0.009659,0.895187,-0.039101,-0.076756,0.067429,-76.057709,68.681061,-260.960144,nan,nan,nan
688434505.690018,0.122139,-0.209750,-144.802474,0.013687,-0.023346,0.899216,-0.085520,-0.003438,0.019700,-76.707855,67.609985,-260.989990,nan,nan,nan
688434505.890039,0.239467,-0.105638,-145.373606,-0.040421,0.005753,0.960785,-0.078918,-0.086758,-0.127596,-76.041275,65.013199,-261.758606,nan,nan,nan
688434506.090035,0.290131,-0.477851,-146.670144,-0.042358,0.024643,1.002945,-0.066434,-0.001350,-0.023519,-75.749481,61.646057,-264.177429,nan,nan,nan
688434506.289993,-0.088783,-0.216867,-146.892900,0.005493,0.016403,0.781342,-0.124850,0.026494,-0.010410,-75.396774,58.267883,-271.012268,nan,nan,nan
688434506.490071,0.096684,-0.350867,-146.634155,-0.017654,0.016983,1.077438,0.017294,0.060508,0.075208,-75.573090,58.465454,-285.542145,nan,nan,nan
688434506.689977,0.394952,-0.331774,-146.314945,0.006638,0.019806,0.878250,-0.044137,0.074057,-0.039850,-74.998642,75.286469,-298.376160,nan,nan,nan
688434506.890012,0.224134,-0.281526,-146.811375,-0.005692,0.015671,1.242905,-0.100724,0.039054,0.015355,-70.041687,98.256226,-288.641388,nan,nan,nan
688434507.089977,0.230143,-0.316211,-147.107408,-0.076248,-0.001099,1.058075,0.063527,-0.117884,-0.015020,-69.157501,109.578217,-260.862122,nan,nan,nan
688434507.290053,0.479943,-0.440399,-147.047960,-0.016083,0.033234,1.251511,0.100712,-0.165823,0.005243,-82.291626,103.116714,-230.974960,nan,nan,nan
688434507.490020,0.274941,-0.395580,-146.255591,0.003693,0.020844,1.190048,0.008078,0.042075,0.046783,-90.564697,87.097015,-214.333374,nan,nan,nan
688434507.690029,0.102661,-0.302892,-146.156229,-0.024277,0.023697,0.935272,-0.078809,0.246178,-0.057631,-94.543533,72.518463,-219.254684,nan,nan,nan
688434507.889944,0.057063,-0.274747,-146.418015,0.041946,0.009247,1.026062,0.038516,0.025257,-0.041795,-98.276474,68.956192,-232.846863,nan,nan,nan
688434508.089843,-0.079140,-0.189100,-146.296818,-0.000320,0.015259,1.090851,0.073981,-0.099456,-0.001836,-98.939575,69.935501,-239.443405,nan,nan,nan
688434508.289993,0.109315,0.055159,-146.171960,0.000412,0.001480,0.942780,-0.054919,0.088196,-0.026226,-97.102036,67.139145,-246.891968,nan,nan,nan
688434508.490095,0.322652,-0.125859,-146.471436,0.023529,-0.012451,0.808441,0.026229,0.049585,-0.044838,-94.985367,71.157547,-251.938812,nan,nan,nan
688434508.690092,0.392685,-0.034649,-146.503176,0.008987,0.047623,0.900909,-0.073793,0.069463,-0.035794,-91.569260,71.883118,-253.193390,nan,nan,nan
688434508.890091,0.242620,-0.133988,-146.394161,0.016800,0.040482,0.990494,-0.074237,0.080324,-0.024464,-87.505661,72.214417,-254.686600,nan,nan,nan
688434509.090017,0.163326,0.014983,-145.645569,0.010513,-0.020950,1.021271,-0.034765,0.049641,0.122058,-81.896423,75.472549,-255.817749,nan,nan,nan
688434509.289540,0.153200,0.019760,-143.904639,0.019669,-0.012634,0.846344,-0.085898,0.057256,0.113198,-76.684860,79.618500,-253.520004,nan,nan,nan
688434509.490022,0.164159,-0.251312,-143.154927,-0.012421,0.000488,1.057068,-0.011528,-0.113693,0.024719,-74.124252,81.436279,-247.393677,nan,nan,nan
688434509.690082,0.192307,0.169068,-143.375805,0.025635,-0.020569,0.867935,-0.101114,0.175327,-0.035677,-75.321228,79.422546,-242.774414,nan,nan,nan
688434509.890075,0.233144,-0.119127,-143.531415,-0.039230,0.040756,1.031433,-0.022710,-0.081452,0.025240,-74.016800,77.545364,-234.148056,nan,nan,nan
688434510.090137,0.096597,-0.254552,-143.428129,0.032288,0.010986,0.824722,-0.106700,-0.157854,0.005654,-72.665070,66.777206,-228.927948,nan,nan,nan
688434510.290060,-0.072344,0.014228,-143.373028,-0.000015,-0.028519,1.166016,-0.009262,0.046163,-0.036556,-76.835358,60.038406,-234.910233,nan,nan,nan
688434510.490070,-0.139231,0.050930,-143.690522,-0.093201,-0.035690,0.825348,0.020724,-0.223223,0.025202,-81.706772,59.372162,-240.262756,nan,nan,nan
688434510.689989,0.049631,0.045925,-143.814859,0.005676,0.047150,1.032501,-0.033569,0.017809,-0.004437,-85.334229,59.916718,-242.366562,nan,nan,nan
688434510.890099,0.087273,0.019754,-143.553616,-0.014893,0.012894,1.029236,-0.016989,0.056137,0.006730,-88.180176,59.861755,-243.641174,nan,nan,nan
688434511.090044,-0.083285,-0.201546,-143.754918,0.029648,-0.039551,1.146667,0.054181,0.074984,-0.062061,-90.054749,58.588440,-244.644150,nan,nan,nan
688434511.290073,-0.002989,-0.074038,-144.067399,-0.062836,0.024536,1.024368,-0.006889,-0.100914,-0.027587,-90.839706,56.760498,-244.211426,nan,nan,nan
688434511.490042,0.263985,-0.121374,-144.652644,-0.023880,0.025497,0.877609,-0.016794,0.092617,-0.089939,-90.404221,55.754807,-245.798828,nan,nan,nan
688434511.690020,0.079418,-0.171588,-145.415087,-0.034439,0.009811,0.857727,0.028553,-0.068134,-0.030336,-89.451981,55.325378,-246.859512,nan,nan,nan
688434511.890078,0.033746,-0.161655,-145.612208,-0.032623,0.006180,1.078110,0.084931,-0.025115,-0.022979,-88.261185,55.694168,-247.377838,nan,nan,nan
688434512.090076,0.068285,-0.387158,-146.579195,-0.019165,0.029205,0.932068,0.007229,-0.149751,-0.165147,-87.479172,56.717072,-247.488068,nan,nan,nan
688434512.289412,-0.067013,-0.184285,-147.886843,0.001282,0.013153,0.805801,-0.036689,0.018011,-0.099117,-85.536438,57.473053,-248.427399,nan,nan,nan
688434512.490083,0.122960,-0.153477,-147.692347,0.017273,0.044815,1.099564,0.046070,0.073032,0.038676,-85.223007,58.904190,-247.893478,nan,nan,nan
688434512.690072,-0.024655,0.008214,-147.567978,0.006180,0.026917,1.031647,0.029762,0.027398,0.033703,-85.576126,59.926804,-247.395935,nan,nan,nan
688434512.890065,0.079578,-0.081757,-147.528883,-0.013977,0.008072,1.002960,-0.003459,-0.006308,-0.015191,-85.153961,61.335388,-248.232529,nan,nan,nan
688434513.089878,0.149532,-0.176141,-147.161533,-0.004181,0.024933,0.993240,0.025982,0.001287,0.075987,-85.169250,62.966141,-247.403854,nan,nan,nan
688434513.290026,0.160577,-0.255509,-146.689475,0.002274,-0.035416,0.923645,0.035542,-0.150108,-0.000449,-84.924820,64.047913,-247.242996,nan,nan,nan
688434513.490070,0.175415,-0.272554,-146.436431,0.033340,-0.005539,0.879593,-0.088204,0.010469,0.005410,-84.897018,65.554031,-247.319244,nan,nan,nan
688434513.690085,0.191049,-0.268085,-146.511438,-0.002991,-0.020264,0.894867,-0.044317,0.049863,-0.035038,-84.401047,66.766251,-247.509262,nan,nan,nan
688434513.890051,-0.031931,-0.002960,-146.699422,-0.031250,-0.018646,1.009125,0.091489,-0.061013,0.046565,-84.574081,68.382095,-247.136856,nan,nan,nan
688434514.090105,0.159124,-0.297395,-145.531400,0.037933,0.000305,1.036850,0.040364,-0.034590,0.104344,-85.685745,69.445129,-247.116577,nan,nan,nan
688434514.290044,0.309325,-0.015858,-145.132964,0.033630,-0.017563,0.780411,-0.083227,0.138902,0.003598,-87.351715,69.880203,-248.349823,nan,nan,nan
688434514.490080,0.023773,0.020073,-144.889144,-0.009933,0.018372,1.333160,-0.041418,-0.056424,0.036712,-88.520340,72.994171,-250.298004,nan,nan,nan
688434514.690057,0.164692,-0.078576,-145.050775,0.049072,0.011368,1.029633,0.004087,0.096392,-0.140582,-84.873444,73.053619,-245.722610,nan,nan,nan
688434514.890088,0.379048,0.084316,-145.977346,-0.029877,-0.010330,1.043320,0.004203,-0.054816,-0.018614,-79.353607,64.400803,-244.002258,nan,nan,nan
688434515.090035,0.392726,-0.044359,-145.868462,-0.020981,0.033188,1.209991,0.060973,-0.071672,-0.004975,-71.621124,51.768845,-254.464569,nan,nan,nan
688434515.290071,0.455187,-0.063187,-145.855668,0.010483,0.041824,1.018509,-0.030714,-0.036445,0.021881,-67.984909,56.824738,-271.890869,nan,nan,nan
688434515.490057,0.259087,-0.182276,-145.217442,-0.056915,0.035080,1.199203,-0.025046,-0.045706,0.058424,-77.256500,71.821472,-273.910126,nan,nan,nan
688434515.690107,0.085721,-0.154351,-144.865247,-0.008179,0.006699,1.176102,0.163898,-0.012098,-0.001965,-90.716721,77.193512,-261.027313,nan,nan,nan
688434515.890080,-0.031255,-0.156956,-144.922899,-0.024384,0.021439,1.076630,0.024293,0.044520,-0.007024,-102.329483,70.103668,-250.473953,nan,nan,nan
688434516.090070,0.025407,-0.065660,-144.788849,0.012924,0.009079,1.079147,0.080482,0.128276,-0.031896,-107.852020,57.886841,-249.712692,nan,nan,nan
688434516.290096,0.061000,-0.163282,-145.740353,0.000748,0.019272,1.027573,-0.060597,0.052922,-0.183510,-110.552505,52.873093,-255.806931,nan,nan,nan
688434516.490104,-0.115000,-0.134843,-147.863966,-0.038269,0.004669,0.995697,-0.062316,-0.059251,-0.201430,-112.316055,50.362839,-256.591553,nan,nan,nan
688434516.690117,-0.286540,-0.194860,-148.664033,0.000916,-0.005051,1.060684,-0.068222,-0.010395,-0.052947,-116.486679,46.229645,-261.839600,nan,nan,nan
688434516.890111,-0.271876,-0.161540,-148.843484,0.003937,-0.021149,0.944107,-0.005973,0.041509,-0.030061,-123.530167,56.682205,-269.170837,nan,nan,nan
688434517.090080,-0.339244,-0.114180,-148.247596,0.067856,0.040558,1.180557,0.036335,0.133846,0.063424,-125.678818,74.817993,-257.096069,nan,nan,nan
688434517.290124,-0.140427,-0.129119,-146.785197,-0.015091,0.045975,1.084122,0.010838,-0.019034,0.104000,-116.715134,70.199158,-239.268478,nan,nan,nan
688434517.490103,-0.348109,0.039345,-146.379320,-0.091400,-0.040710,1.002899,-0.059995,-0.142529,-0.060808,-99.460770,52.813843,-241.742798,nan,nan,nan
688434517.690107,-0.276640,-0.263706,-146.395089,0.000687,-0.025299,1.083603,0.120517,-0.004779,-0.010527,-83.922104,50.917908,-256.306915,nan,nan,nan
688434517.890140,-0.348940,-0.269962,-146.396168,0.010345,0.011276,0.859009,-0.095478,-0.015211,-0.022307,-77.452713,58.778717,-265.283081,nan,nan,nan
688434518.089996,-0.223760,-0.242028,-147.051780,-0.026825,-0.032333,0.911896,0.031270,0.021140,-0.049499,-74.537460,66.588837,-266.010040,nan,nan,nan
688434518.290108,-0.176094,-0.264665,-147.659964,0.011444,0.003082,0.924530,0.011466,-0.033575,-0.062495,-74.518173,68.885040,-265.161804,nan,nan,nan
688434518.490193,-0.163616,-0.297198,-148.048573,0.055328,0.014008,1.150681,0.032973,0.067902,-0.044114,-74.761597,70.021774,-263.912048,nan,nan,nan
688434518.690144,-0.214515,-0.334483,-148.354190,0.029236,-0.012314,0.999237,-0.060205,0.065161,-0.054885,-76.061646,70.259613,-263.507446,nan,nan,nan
688434518.890148,-0.186727,-0.198148,-149.251779,0.020264,0.002640,1.035156,0.148247,0.084225,-0.226378,-75.756271,69.680283,-263.915649,nan,nan,nan
688434519.090212,-0.082659,-0.324483,-151.287517,-0.020126,0.013077,0.998566,0.075179,-0.035551,-0.131342,-75.451691,70.417709,-264.385651,nan,nan,nan
688434519.290102,0.101248,-0.563490,-152.044652,-0.012970,-0.002350,0.943756,-0.008350,0.012232,-0.045034,-75.150192,70.349960,-262.812012,nan,nan,nan
688434519.490126,0.010271,-0.456638,-152.124237,0.045303,0.028290,0.929779,-0.068426,0.063360,-0.007660,-75.108490,70.858963,-261.952698,nan,nan,nan
688434519.690148,-0.132333,-0.533439,-151.867930,0.011551,0.031647,0.842331,-0.122943,0.024375,0.008581,-75.431961,71.685287,-259.845062,nan,nan,nan
688434519.890106,-0.091266,-0.512240,-151.047006,-0.011765,-0.029358,1.006912,-0.007055,-0.081006,0.053943,-76.182251,71.872803,-257.694244,nan,nan,nan
688434520.090137,-0.000062,-0.389765,-149.988598,0.003021,0.007431,0.958725,-0.071722,0.043108,0.147678,-76.977493,71.402664,-256.391418,nan,nan,nan
688434520.290135,0.079004,-0.452255,-149.042036,0.031921,0.016678,0.877533,-0.015668,-0.025613,0.012936,-78.184738,71.035553,-254.366943,nan,nan,nan
688434520.490119,0.023109,-0.555708,-149.044065,0.036285,0.012589,1.021378,-0.043770,-0.007172,-0.007614,-78.421997,69.669937,-253.141327,nan,nan,nan
688434520.690121,-0.016458,-0.474705,-149.555899,-0.000366,0.044083,0.939758,-0.051012,0.026429,-0.100409,-78.513962,68.358170,-252.513336,nan,nan,nan
688434520.890242,0.042114,-0.440081,-151.211034,0.016739,0.004669,0.870270,-0.040102,-0.128605,-0.150912,-78.210068,67.488693,-252.019058,nan,nan,nan
688434521.090158,-0.038867,-0.430352,-152.052330,-0.017120,0.001892,0.989136,0.009223,0.070041,-0.031033,-77.149307,67.177307,-252.035599,nan,nan,nan
688434521.290152,-0.035379,-0.347132,-151.965619,0.018280,-0.011169,0.878830,-0.150589,-0.028777,0.011457,-76.462646,67.644897,-252.522339,nan,nan,nan
688434521.490157,-0.087208,-0.249834,-151.414635,0.025482,0.030197,0.928162,-0.007715,0.117637,0.008569,-76.297577,68.391052,-252.290955,nan,nan,nan
688434521.690121,-0.120288,-0.226025,-150.512864,0.043381,-0.008255,0.899399,-0.028792,0.049147,0.118656,-76.098465,69.522095,-252.098907,nan,nan,nan
688434521.890142,-0.085926,-0.170321,-149.394148,0.013046,-0.027145,1.003189,0.061223,0.048572,0.077646,-76.689636,70.616608,-251.657822,nan,nan,nan
688434522.090133,0.106923,-0.289152,-149.447322,0.006378,0.033646,0.954987,-0.023510,-0.014364,-0.073610,-77.677505,71.475647,-251.101913,nan,nan,nan
688434522.290144,0.023014,-0.306663,-149.110279,0.007629,0.000107,0.893295,-0.017101,-0.011052,0.045092,-79.390808,71.879822,-250.555862,nan,nan,nan
688434522.490153,-0.224651,-0.366275,-147.669631,0.002960,-0.000214,0.978973,-0.030644,0.019428,0.216279,-80.880905,72.454788,-250.264893,nan,nan,nan
688434522.689400,0.017059,-0.275929,-145.772290,0.035309,0.029144,0.830627,-0.045546,0.050160,0.093788,-83.111252,73.145630,-249.815994,nan,nan,nan
688434522.890158,0.003966,-0.257797,-145.170309,-0.004898,0.012283,0.836823,-0.144259,0.002429,-0.015726,-86.039276,72.696960,-249.460953,nan,nan,nan
688434523.089986,-0.013353,-0.294338,-144.709154,0.039154,0.005630,0.897736,-0.131206,0.061589,0.040724,-87.967438,71.253693,-248.178757,nan,nan,nan
688434523.290193,0.240961,-0.009746,-144.799707,-0.012283,-0.024536,1.178635,0.073725,-0.054051,-0.080647,-90.304596,68.151520,-248.439346,nan,nan,nan
688434523.490149,0.095420,0.158930,-146.047699,0.023956,-0.003754,1.197998,-0.002417,0.038278,-0.111268,-90.746017,64.116226,-249.103973,nan,nan,nan
688434523.690172,0.239172,-0.124154,-146.993811,-0.004471,0.027267,1.119415,0.019493,-0.001165,0.024977,-88.774612,61.871155,-251.613022,nan,nan,nan
688434523.890157,0.550384,-0.261649,-145.998843,-0.027725,0.029022,1.034500,-0.035051,-0.074146,0.173090,-86.020660,62.826920,-252.431671,nan,nan,nan
688434524.089665,0.364209,0.130367,-144.670771,0.020844,0.032455,0.922974,0.011209,-0.062175,0.082902,-81.886917,66.329483,-251.931854,nan,nan,nan
688434524.289531,0.224499,-0.001274,-144.033789,-0.032883,-0.010605,0.962143,0.061987,-0.096094,0.050789,-79.140030,69.126404,-245.516724,nan,nan,nan
688434524.489561,0.357365,-0.116880,-143.742371,-0.001495,0.017975,1.059784,0.009556,0.026576,0.026840,-79.374588,63.838242,-245.977417,nan,nan,nan
688434524.690134,0.274154,0.022544,-144.182961,-0.030472,0.050613,0.978683,-0.018963,0.049468,-0.080150,-79.945953,67.213348,-250.162125,nan,nan,nan
688434524.890170,0.272688,0.120520,-145.218795,0.012100,0.028702,1.124207,0.042802,0.058683,-0.056712,-81.953232,69.196808,-249.995712,nan,nan,nan
688434525.090147,0.228605,-0.082100,-145.340012,-0.012878,0.000687,0.927460,0.059688,0.040720,0.002950,-82.188919,69.345779,-249.743271,nan,nan,nan
688434525.290155,0.233225,0.045060,-145.291138,-0.027206,0.021317,0.959900,0.037774,-0.070639,-0.003428,-81.907303,69.902512,-250.828247,nan,nan,nan
688434525.490132,-0.102992,0.016254,-147.017817,-0.010574,0.019196,0.919662,-0.144604,0.139071,-0.174481,-81.077179,71.428253,-252.212036,nan,nan,nan
688434525.690171,-0.036644,0.052379,-148.467313,-0.050980,0.024307,0.986465,0.005619,-0.158912,-0.056729,-82.413315,73.413025,-252.287659,nan,nan,nan
688434525.890188,0.184577,0.000934,-148.454407,0.015732,0.034805,1.044861,-0.010304,0.005377,-0.008180,-84.811249,74.323608,-251.245621,nan,nan,nan
688434526.090142,0.271631,-0.078452,-148.521937,-0.010956,-0.013168,1.030396,0.020982,-0.110476,-0.023021,-87.738556,73.845566,-249.758438,nan,nan,nan
688434526.290158,0.129612,-0.014235,-148.117754,-0.019379,0.021606,0.977478,-0.020325,0.010446,0.029410,-90.086472,72.098709,-248.243088,nan,nan,nan
688434526.490172,-0.200445,0.119906,-147.263480,-0.027298,-0.001190,0.969070,-0.013984,-0.006087,0.092973,-92.484863,70.731705,-246.822891,nan,nan,nan
688434526.690165,-0.377473,-0.098344,-146.723511,0.013748,-0.003998,1.003723,0.001285,0.028488,0.012924,-94.824997,67.563782,-246.293213,nan,nan,nan
688434526.890277,-0.416593,-0.218257,-146.575754,0.016617,-0.000732,1.008362,0.015464,-0.058420,-0.026351,-96.222610,64.229111,-246.677048,nan,nan,nan
688434527.090085,-0.252926,0.227033,-146.748894,0.019882,-0.011871,0.891220,-0.109333,-0.064404,-0.119555,-97.265976,60.699829,-248.847366,nan,nan,nan
688434527.290160,-0.220034,0.046639,-147.819627,0.011673,0.000900,0.970901,-0.039613,0.060029,-0.174857,-97.728928,57.039566,-252.295395,nan,nan,nan
688434527.490208,-0.013190,0.014030,-148.505616,-0.023499,0.013611,0.941696,-0.032556,0.031557,0.022794,-98.807068,56.568527,-258.976501,nan,nan,nan
688434527.690206,-0.085352,-0.028519,-148.246689,0.010132,-0.021362,1.100983,-0.050040,-0.014871,0.028531,-101.529266,63.770355,-261.970856,nan,nan,nan
688434527.890296,-0.070003,0.140504,-147.885996,-0.006042,-0.009964,1.067078,-0.003056,0.010627,0.051790,-105.979019,67.576736,-258.118774,nan,nan,nan
688434528.090048,0.094304,0.085274,-147.216513,0.012207,0.013443,0.964340,0.033492,-0.017435,0.052507,-109.929642,75.699295,-252.251648,nan,nan,nan
688434528.290162,-0.122652,0.192267,-147.233465,0.025558,0.000473,1.123306,-0.135363,0.026693,-0.022226,-105.883301,78.525192,-249.615707,nan,nan,nan
688434528.489758,-0.081299,0.281268,-146.891219,-0.023499,-0.019623,1.007629,0.030740,0.035472,-0.014941,-92.488144,84.358795,-247.892227,nan,nan,nan
688434528.689660,0.039336,0.128581,-147.920813,-0.025482,0.017044,0.837067,-0.055067,-0.013015,-0.077689,-76.740219,93.254272,-244.905624,nan,nan,nan
688434528.890169,-0.197896,-0.032906,-148.470147,-0.034622,0.007080,1.144684,-0.058738,-0.123695,0.009472,-67.932999,94.935547,-220.937927,nan,nan,nan
688434529.090215,-0.028653,-0.015723,-148.345341,-0.031219,0.026978,1.122040,0.081339,-0.122400,-0.001641,-60.812912,73.089706,-207.617920,nan,nan,nan
688434529.290183,-0.344775,0.201022,-147.862103,0.025513,0.040817,0.838943,-0.240294,0.095386,0.007197,-58.748779,53.791031,-212.434860,nan,nan,nan
688434529.490195,-0.130179,0.246656,-147.683899,-0.004639,-0.004150,1.101959,0.046015,0.033745,0.009906,-62.548782,43.998505,-222.685364,nan,nan,nan
688434529.690195,-0.203318,0.050168,-147.083497,0.063797,0.001190,0.767868,-0.140606,0.119882,-0.002392,-69.252075,41.008377,-235.080872,nan,nan,nan
688434529.890230,-0.141025,0.176599,-147.231444,-0.030945,0.030914,1.188232,0.041162,0.076806,-0.048557,-75.048965,43.690430,-244.325256,nan,nan,nan
688434530.090218,0.004055,-0.099924,-147.311860,0.030472,-0.025574,0.950027,-0.102646,-0.016728,-0.091238,-79.330643,47.771622,-249.960052,nan,nan,nan
688434530.290226,0.069701,0.087160,-147.829498,-0.012909,-0.014984,1.084335,-0.006682,0.026212,0.006971,-82.252960,52.773926,-253.417175,nan,nan,nan
688434530.490181,-0.200004,-0.114569,-147.758005,0.042053,0.010254,0.846176,-0.038943,0.083690,-0.040436,-85.419617,57.951675,-254.754623,nan,nan,nan
688434530.690183,-0.213739,0.240923,-147.468964,-0.042328,-0.036102,1.036346,0.031722,-0.090983,0.057803,-86.835327,60.922836,-253.553925,nan,nan,nan
688434530.890324,0.088223,-0.052786,-147.696547,0.005234,-0.000656,1.095673,0.047524,-0.054575,-0.054952,-87.478378,62.844788,-253.426300,nan,nan,nan
688434531.090178,0.092962,-0.141658,-147.402933,0.044434,0.017975,0.888306,-0.054206,0.190165,0.062866,-87.245743,65.064835,-253.564545,nan,nan,nan
688434531.290229,-0.008219,-0.180634,-147.034173,-0.012161,-0.027496,1.006470,0.035893,-0.063533,0.036171,-86.964401,66.697662,-252.095627,nan,nan,nan
688434531.490246,-0.087588,-0.044435,-145.459632,-0.024506,0.004684,1.124786,0.018345,-0.136838,0.195016,-85.613174,68.876709,-252.137344,nan,nan,nan
688434531.689732,0.042226,-0.044420,-143.790970,0.020050,0.020096,0.967331,-0.087942,0.012122,0.041360,-84.171051,70.185440,-250.825653,nan,nan,nan
688434531.890322,0.093259,-0.123056,-143.850535,-0.005402,0.013000,1.022415,-0.069787,-0.033421,-0.003489,-81.442551,70.083221,-250.139038,nan,nan,nan
688434532.090298,0.136685,-0.231811,-144.129380,-0.007980,0.008057,1.080414,0.093169,-0.103655,-0.086253,-80.049515,69.174881,-250.556824,nan,nan,nan
688434532.290236,0.090180,-0.240964,-144.949747,0.025284,0.009705,0.762650,-0.040906,0.093308,-0.106839,-78.117462,67.896591,-248.881836,nan,nan,nan
688434532.490226,0.165840,-0.185281,-145.454807,0.015869,-0.000076,0.961594,0.034688,0.095518,-0.044368,-77.416656,66.725998,-249.044968,nan,nan,nan
688434532.690217,0.146713,0.020929,-145.297202,-0.048035,-0.007431,1.073364,0.107465,-0.006234,0.038857,-77.131851,65.071304,-250.004288,nan,nan,nan
688434532.890272,0.210098,-0.038012,-144.257748,0.009552,0.004852,1.123367,0.105703,0.034019,0.070186,-77.735687,64.034103,-251.338013,nan,nan,nan
688434533.089690,0.248795,-0.030396,-143.892282,0.000885,0.007797,1.086914,0.020731,0.123334,0.000627,-78.863129,63.231064,-252.732452,nan,nan,nan
688434533.289632,0.238866,-0.211364,-143.650698,0.016693,0.014160,0.999786,0.113658,0.013096,0.015668,-79.733139,63.404129,-252.964890,nan,nan,nan
688434533.489594,0.181241,-0.278385,-143.883565,-0.010315,-0.008820,1.131943,-0.053551,0.026947,-0.143832,-81.459747,63.951736,-253.519760,nan,nan,nan
688434533.689627,0.101132,-0.116044,-145.578183,-0.034729,-0.007599,0.956085,-0.086672,-0.012515,-0.173941,-81.636414,64.527832,-253.670776,nan,nan,nan
688434533.889672,0.196080,-0.088518,-147.037871,-0.026443,0.022125,1.039642,-0.081011,-0.014415,-0.108747,-83.196533,65.056396,-253.898514,nan,nan,nan
688434534.089635,0.346782,-0.020508,-147.781215,-0.021988,0.024551,1.146011,0.060720,0.062130,-0.013548,-84.084610,65.111069,-254.749313,nan,nan,nan
688434534.289665,0.226431,-0.070812,-146.514823,0.036774,0.020233,1.033218,0.025912,0.106012,0.179389,-86.191910,65.676834,-255.792007,nan,nan,nan
688434534.489670,0.277431,-0.192307,-144.967268,0.076996,0.003601,1.092255,0.054988,0.050018,-0.017207,-87.623444,66.816391,-256.216858,nan,nan,nan
688434534.689612,0.173416,-0.182243,-144.923356,-0.052307,0.026459,1.140823,-0.023709,-0.047503,0.045925,-87.837875,66.605148,-257.004730,nan,nan,nan
688434534.889712,0.072009,-0.183274,-144.626893,-0.036545,-0.016937,1.067719,0.002214,0.004425,-0.009669,-89.035278,67.147324,-257.208099,nan,nan,nan
688434535.089692,-0.282557,-0.072081,-145.527485,-0.001068,0.011673,1.019455,-0.145823,0.094255,-0.137805,-88.992447,66.853912,-258.250427,nan,nan,nan
688434535.289639,-0.407183,-0.004567,-146.623754,-0.063431,0.039780,0.803482,-0.016665,-0.128705,-0.047474,-88.629974,66.163574,-259.727600,nan,nan,nan
688434535.490389,-0.163157,-0.200719,-146.987515,-0.003082,0.007523,0.998520,0.012072,0.011946,-0.063503,-89.041504,65.665070,-260.246216,nan,nan,nan
688434535.690239,-0.057593,-0.091995,-147.502936,0.006256,0.002808,0.918182,-0.039494,0.027733,-0.034580,-89.087219,64.871750,-261.162109,nan,nan,nan
688434535.890238,-0.265373,-0.092663,-147.049610,-0.010605,0.001862,0.947266,-0.028088,-0.019326,0.081734,-90.128616,65.146652,-261.757202,nan,nan,nan
688434536.090185,-0.310088,-0.203914,-145.956182,0.001907,-0.022141,1.015167,-0.031399,-0.071366,0.050138,-91.701828,65.398392,-263.265991,nan,nan,nan
688434536.290211,-0.163588,-0.029881,-146.017725,-0.019104,-0.017883,0.860641,-0.004237,-0.000938,-0.005935,-93.199463,66.041183,-264.570129,nan,nan,nan
688434536.490240,-0.205428,-0.046869,-145.830300,0.000351,0.019760,0.984253,-0.002052,-0.053332,0.004571,-95.043610,67.241714,-265.502136,nan,nan,nan
688434536.690235,-0.270334,-0.058329,-145.832706,0.004868,0.002289,1.026627,-0.065314,-0.021527,0.009014,-96.569504,68.838913,-265.525543,nan,nan,nan
688434536.890252,-0.107638,-0.041425,-146.572764,-0.001953,0.012466,1.006027,-0.060982,0.022483,-0.099861,-97.578812,70.243423,-264.467560,nan,nan,nan
688434537.090360,-0.233393,-0.032495,-148.040781,-0.028946,-0.030563,0.800400,-0.039813,0.010049,-0.130812,-97.924133,70.882935,-262.979431,nan,nan,nan
688434537.290247,-0.147355,-0.004819,-149.032283,-0.037827,-0.012909,1.031876,0.032580,-0.014628,-0.032340,-97.834457,71.151688,-261.553406,nan,nan,nan
688434537.490342,-0.128581,-0.104286,-149.235316,-0.023682,0.005203,0.903641,-0.006665,-0.031330,0.014509,-97.296005,70.785690,-259.237335,nan,nan,nan
688434537.690297,0.070849,-0.047133,-148.634669,-0.001709,0.000687,1.013702,0.038146,-0.050505,0.065979,-97.633087,70.092636,-258.381226,nan,nan,nan
688434537.890191,0.026841,-0.185832,-148.233525,-0.024918,-0.019119,1.059540,-0.031589,-0.017124,0.027297,-97.632294,67.803986,-257.288574,nan,nan,nan
688434538.090153,-0.200848,-0.151687,-148.100293,-0.018280,-0.009247,0.964172,0.014128,-0.031015,0.008276,-97.953796,64.799881,-256.575928,nan,nan,nan
688434538.290258,-0.003369,0.018528,-147.898465,0.009048,0.009262,1.046585,0.053340,-0.028581,0.014455,-97.531830,60.624237,-256.239288,nan,nan,nan
688434538.490289,0.054131,-0.079348,-148.122581,0.000137,-0.029572,0.934006,0.057677,0.001420,-0.153012,-97.452423,57.167099,-258.511597,nan,nan,nan
688434538.690275,0.064464,0.175902,-150.114245,-0.006927,-0.037399,0.890076,-0.139798,0.039360,-0.180063,-96.686951,55.234436,-260.771484,nan,nan,nan
688434538.890282,-0.007833,-0.014884,-150.574246,0.035568,0.032135,0.886063,0.019741,0.081503,-0.058076,-96.980179,53.893005,-266.064514,nan,nan,nan
688434539.090282,0.061425,-0.170387,-150.577534,0.028854,0.013641,1.010910,0.051262,-0.067092,-0.037584,-96.800568,55.417084,-270.357910,nan,nan,nan
688434539.290257,0.110098,-0.173996,-149.681555,0.011566,-0.022568,1.006027,0.076016,-0.006756,0.114231,-92.063690,56.177032,-274.500946,nan,nan,nan
688434539.490256,0.087526,-0.075163,-148.207150,-0.007477,0.025436,0.967575,0.053371,0.201622,0.096359,-85.476059,62.686722,-281.728271,nan,nan,nan
688434539.690284,-0.001187,-0.107419,-147.814854,-0.038055,0.018860,0.990601,0.031270,-0.037201,0.025734,-82.711136,70.192215,-282.868591,nan,nan,nan
688434539.890179,0.129911,0.114418,-147.798634,-0.000214,0.007996,0.903549,-0.047644,-0.103976,0.028365,-81.164337,74.287567,-282.073730,nan,nan,nan
688434540.089498,-0.101103,-0.025849,-147.803269,-0.007202,0.010956,0.848175,-0.043157,0.074739,-0.089676,-81.124603,80.481476,-281.945282,nan,nan,nan
688434540.290286,-0.122811,-0.112720,-148.733006,-0.041428,-0.006348,0.961960,0.036020,-0.046783,-0.093354,-82.695847,88.848343,-277.517700,nan,nan,nan
688434540.490321,-0.009916,-0.136839,-149.123289,0.006790,0.008408,0.994736,-0.010141,-0.024521,-0.053824,-82.949142,96.808838,-269.360962,nan,nan,nan
688434540.690332,0.019045,-0.141810,-149.857301,0.019333,-0.014908,1.091431,0.084040,-0.013669,-0.041411,-84.752060,106.937149,-255.351425,nan,nan,nan
688434540.890311,0.062505,-0.028848,-149.622680,-0.001572,-0.016083,0.929596,-0.027561,-0.037292,0.040572,-87.191925,105.744781,-233.294312,nan,nan,nan
688434541.090336,0.033911,0.135747,-148.806366,-0.001068,0.012161,1.150635,0.106204,0.011183,0.061771,-89.189957,93.501389,-218.252579,nan,nan,nan
688434541.290282,-0.046295,0.057714,-148.237352,0.036804,-0.038132,1.168747,0.189054,0.016325,0.016008,-92.748459,77.269791,-213.143036,nan,nan,nan
688434541.490284,-0.131667,0.060323,-148.341246,-0.027313,0.013641,0.911606,-0.043751,-0.017448,-0.011881,-94.909149,63.022156,-219.295853,nan,nan,nan
688434541.690336,-0.109153,0.110006,-147.987779,-0.025314,0.025635,1.007065,0.025641,-0.015712,0.028925,-95.499802,59.189224,-230.714127,nan,nan,nan
688434541.890326,0.058755,-0.178707,-148.458139,-0.001328,-0.016220,0.997665,0.008886,0.104471,-0.179218,-95.823730,59.924408,-235.251022,nan,nan,nan
688434542.090403,0.106566,-0.139438,-150.147931,-0.042389,0.030624,0.966965,0.019270,-0.073968,-0.106415,-95.336273,60.009583,-237.423630,nan,nan,nan
688434542.290270,0.258956,-0.071014,-150.694150,0.015198,0.033539,1.050690,-0.001675,0.047399,-0.021707,-95.070663,61.243088,-238.913651,nan,nan,nan
688434542.490313,0.198178,-0.054740,-150.567519,0.029266,0.055893,0.838455,-0.128786,0.054764,-0.033992,-95.518570,62.581451,-240.205078,nan,nan,nan
688434542.690366,0.070920,0.077253,-151.386615,-0.017929,-0.032501,1.144943,0.130621,0.023731,-0.092607,-96.020874,63.321777,-240.859909,nan,nan,nan
688434542.890299,0.137521,0.041430,-152.552515,0.011490,-0.003220,1.047775,-0.028139,0.060200,-0.129376,-95.836700,61.602859,-241.712753,nan,nan,nan
688434543.090151,-0.098717,-0.077888,-153.229347,0.013718,0.036438,1.016327,0.011582,0.065882,-0.008216,-96.226776,60.001266,-243.411453,nan,nan,nan
688434543.290254,-0.212280,-0.064804,-152.840891,-0.002960,-0.007385,0.991180,0.023474,-0.040503,-0.001254,-95.273819,59.532028,-246.758347,nan,nan,nan
688434543.490400,-0.224207,0.061715,-152.607306,0.018723,0.001221,0.960663,-0.037394,0.087484,0.029533,-93.617462,60.113480,-248.539749,nan,nan,nan
688434543.690343,-0.207354,0.174991,-152.076657,-0.021790,-0.017059,0.972733,-0.040427,0.067071,0.016367,-91.991577,61.888412,-251.103485,nan,nan,nan
688434543.890304,-0.107387,0.100341,-152.117546,0.033951,0.022537,0.969147,0.012885,0.183132,-0.032490,-90.531265,64.053909,-252.670456,nan,nan,nan
688434544.090303,0.030382,0.023290,-151.999659,0.007126,-0.020630,0.943161,-0.012378,0.075532,0.026232,-90.000488,66.069473,-252.372284,nan,nan,nan
688434544.290347,0.082200,-0.075418,-151.587499,-0.023453,0.010132,1.004944,0.001303,-0.089278,0.049392,-91.506882,67.877090,-251.145538,nan,nan,nan
688434544.490312,-0.043767,-0.150886,-151.082211,0.010696,0.039810,0.888184,-0.135683,-0.019862,0.076620,-92.950089,68.572159,-250.040161,nan,nan,nan
688434544.690439,0.142550,0.010068,-149.905443,-0.016144,0.014999,0.892700,-0.010935,-0.090289,0.094191,-95.192841,68.433670,-249.597549,nan,nan,nan
688434544.890289,0.129693,-0.264958,-148.867689,0.001389,-0.017502,0.908463,-0.022348,-0.036046,0.014021,-96.890839,67.010239,-248.262512,nan,nan,nan
688434545.090323,0.198902,-0.276519,-149.349103,0.038391,0.022324,0.844345,-0.116486,0.041945,-0.061791,-97.794571,64.280914,-247.695328,nan,nan,nan
688434545.290314,0.084265,-0.211328,-149.390836,0.022339,0.027130,0.978699,0.011265,0.056555,0.013488,-97.362778,61.566940,-247.749847,nan,nan,nan
688434545.490270,0.270243,-0.180379,-149.431690,-0.012466,-0.015701,1.030701,0.102772,-0.122776,-0.016970,-96.506653,59.153015,-248.304794,nan,nan,nan
688434545.690404,0.267255,0.112887,-149.780828,0.009354,-0.019836,0.948730,0.003106,0.066586,-0.055737,-95.238312,56.835938,-249.554062,nan,nan,nan
688434545.890310,0.302135,0.208421,-149.895110,-0.011810,0.023605,1.000778,-0.027928,-0.018407,-0.033972,-93.445663,55.807770,-250.903137,nan,nan,nan
688434546.090331,0.340258,0.041642,-149.830249,0.010513,-0.023727,0.860046,-0.079107,0.001026,-0.009466,-92.594757,55.410797,-251.648285,nan,nan,nan
688434546.290337,0.273354,0.181953,-148.885211,-0.041718,-0.010422,0.900589,0.050024,-0.032370,0.214540,-91.497223,55.662750,-252.840073,nan,nan,nan
688434546.490296,0.300668,-0.215810,-146.489230,0.043106,0.031921,0.955353,-0.039776,-0.045192,0.085642,-91.767181,57.560242,-254.020035,nan,nan,nan
688434546.690350,0.182839,-0.018797,-146.581673,-0.003296,-0.001358,1.006256,0.039570,-0.030952,0.056972,-91.059738,58.716980,-255.471252,nan,nan,nan
688434546.890308,0.304509,-0.047826,-145.896229,-0.012085,-0.004578,0.997162,-0.047610,-0.001419,0.060593,-90.479721,60.424576,-257.332397,nan,nan,nan
688434547.090350,0.188345,0.156008,-146.560529,-0.053482,0.024124,1.211395,0.069442,-0.049565,-0.178802,-89.267242,61.827499,-258.698120,nan,nan,nan
688434547.290329,0.401827,0.129849,-148.198516,-0.067551,0.044388,1.176483,0.076491,-0.022722,-0.044668,-87.412231,62.677582,-259.083038,nan,nan,nan
688434547.490350,0.201312,0.168823,-148.357997,0.016556,-0.011948,1.040878,0.036560,-0.012336,0.020396,-86.268280,63.468735,-259.790649,nan,nan,nan
688434547.690465,0.364231,0.190645,-147.850861,0.002792,0.004303,0.838715,-0.161168,-0.021112,0.051317,-84.614975,64.119553,-259.606659,nan,nan,nan
688434547.890388,0.217139,-0.023301,-146.643213,0.012421,0.014633,1.050262,-0.010502,0.025718,0.185863,-83.959656,64.183060,-259.765442,nan,nan,nan
688434548.090316,0.179834,-0.018767,-144.638694,-0.004318,0.005142,1.076920,0.076862,-0.100366,0.144638,-83.136642,64.361206,-259.214233,nan,nan,nan
688434548.290417,0.222028,-0.004869,-144.323327,0.028671,0.021530,1.199966,0.091910,0.079256,-0.008903,-82.177155,63.648529,-259.054688,nan,nan,nan
688434548.490341,0.188814,-0.178283,-144.020553,-0.013596,0.025818,0.950317,-0.014708,0.029647,0.000844,-81.268494,63.499039,-259.721619,nan,nan,nan
688434548.690441,0.382461,-0.184648,-143.747255,0.029617,-0.007736,0.980667,0.041391,0.041874,0.084919,-81.069931,62.906876,-259.540497,nan,nan,nan
688434548.890393,0.309851,-0.062267,-142.619869,0.010010,-0.019882,1.227966,0.071720,-0.014914,0.089670,-80.965912,63.652176,-260.726379,nan,nan,nan
688434549.090420,0.225884,0.132250,-142.168184,-0.039276,0.019470,1.147614,0.064252,-0.005329,0.008758,-81.140884,63.606140,-262.023163,nan,nan,nan
688434549.290332,0.417603,-0.087785,-142.441295,0.009949,-0.023376,0.834885,0.095685,0.137178,-0.053690,-81.944489,63.799103,-262.808685,nan,nan,nan
688434549.490337,0.405716,-0.081836,-142.201294,0.067383,0.012100,1.075165,0.081351,0.081526,-0.061608,-82.927353,64.262711,-263.660980,nan,nan,nan
688434549.690353,0.483370,0.151546,-142.362031,0.035614,0.049164,1.230240,0.033091,0.215115,-0.060157,-84.255432,64.873871,-265.355042,nan,nan,nan
688434549.890401,0.498482,0.274160,-142.361489,-0.037857,0.050919,1.037659,0.036335,0.003925,-0.043645,-85.450775,65.650146,-265.599731,nan,nan,nan
688434550.090377,0.518487,0.115975,-142.445219,-0.040054,0.082657,1.033340,-0.038809,-0.101649,-0.058123,-86.291809,66.767456,-263.853333,nan,nan,nan
688434550.290397,0.587457,0.544726,-142.675276,-0.069168,0.067017,1.009567,0.009437,0.037932,-0.018074,-86.394104,66.190872,-262.603729,nan,nan,nan
688434550.490348,0.712178,0.425574,-142.291953,-0.020187,0.065445,1.004822,-0.015809,-0.011163,-0.000052,-86.393600,66.300064,-261.868286,nan,nan,nan
688434550.690349,1.027792,0.223555,-142.250227,-0.008621,0.079453,0.996765,0.006630,-0.005625,0.005261,-86.413177,66.009598,-261.721008,nan,nan,nan
688434550.890411,1.296799,0.247721,-142.218257,0.000793,-0.013550,0.996780,-0.006881,0.000519,-0.011365,-86.367752,66.053329,-261.498230,nan,nan,nan
688434551.090528,1.248453,0.245775,-142.226423,-0.003967,0.014862,0.997971,0.000000,0.003348,-0.008789,-86.602814,65.959885,-261.426941,nan,nan,nan
688434551.290370,1.190310,0.250209,-142.222092,-0.005112,0.011169,0.996964,-0.003555,0.001757,-0.013058,-86.216217,66.001175,-261.421509,nan,nan,nan
688434551.490391,1.143880,0.249076,-142.226481,-0.005264,0.010193,0.995102,-0.005135,0.002792,-0.009820,-86.268600,65.715347,-260.911255,nan,nan,nan
688434551.690395,1.098633,0.249888,-142.221201,-0.006027,0.009811,0.998444,-0.002396,0.001561,-0.008325,-86.385056,65.921204,-261.471832,nan,nan,nan
688434551.890371,1.060449,0.253054,-142.220532,-0.005264,0.009781,0.997345,-0.004472,0.003144,-0.011635,-87.043976,65.818390,-261.484375,nan,nan,nan
688434552.090332,1.028315,0.253710,-142.222553,-0.005157,0.009598,0.996552,-0.002314,0.000426,-0.010016,-86.537811,65.525131,-261.984039,nan,nan,nan
688434552.290436,0.996338,0.257989,-142.220217,-0.005692,0.009766,0.997162,-0.003007,0.001244,-0.011071,-86.637817,65.833954,-261.460724,nan,nan,nan
688434552.490391,0.971067,0.260285,-142.223762,-0.004929,0.009354,0.996811,-0.004565,0.000094,-0.009140,-86.460510,65.681076,-261.085510,nan,nan,nan
688434552.690463,0.945347,0.260336,-142.223706,-0.005005,0.010254,0.997757,-0.003765,-0.000982,-0.010916,-86.592514,65.915848,-261.321838,nan,nan,nan
688434552.890359,0.921889,0.263869,-142.228227,-0.006256,0.010025,0.996674,-0.002702,0.002502,-0.009633,-86.496826,65.474472,-261.476624,nan,nan,nan
688434553.090210,0.899385,0.262468,-142.224933,-0.005173,0.009613,0.996460,-0.004758,-0.000378,-0.010064,-86.805069,65.824707,-261.149200,nan,nan,nan
688434553.290347,0.884926,0.260966,-142.222418,-0.005386,0.010040,0.996841,-0.005297,0.002256,-0.008085,-86.744156,65.972107,-261.139557,nan,nan,nan
688434553.490373,0.865981,0.259770,-142.216168,-0.006058,0.009064,0.996292,-0.001822,0.001997,-0.008548,-86.791702,66.284637,-261.119019,nan,nan,nan
688434553.690408,0.860518,0.189743,-142.174546,0.003983,0.003891,0.996658,-0.003341,0.006263,-0.006535,-86.459015,65.870255,-260.955322,nan,nan,nan
