Location (m),"Magnetic Field, stack (nT)","Magnetic Field, KS4259 (nT)","Magnetic Field, RETZEPIS (nT)","Magnetic Field, sh3770 (nT)","Magnetic Field, ZNZHANG (nT)","Magnetic Field, whaarlow (nT)","Magnetic Field, na3676 (nT)","Magnetic Field, bboyd (nT)","Magnetic Field, cg0677 (nT)","Magnetic Field, lpowens (nT)","Magnetic Field, akanehw (nT)"
0.0,501261.55700000003,50861.962,50810.527,50723.16,50861.962,50429.952999999994,51093.618,51846.823000000004,47006.945,46196.12,51430.487
1.0,502415.747,51061.515999999996,50742.528,50424.386,51061.515999999996,50538.697,50847.485,52003.337,47812.733,46196.12,51727.429000000004
2.0,502463.592,51132.005999999994,50561.826,50628.118,51132.005999999994,50178.075,50943.712,52260.188,48140.338,46196.12,51291.203
3.0,501969.47599999997,50967.07399999999,50895.432,50536.473,50967.07399999999,50628.605,50835.098000000005,52200.366,47497.57,46196.12,51245.664
4.0,503190.68000000005,51424.837,50563.133,50630.723000000005,51424.837,50604.711,50925.528999999995,52301.717,47689.956000000006,46196.12,51429.117
5.0,502886.36999999994,50856.115000000005,50319.661,50810.825000000004,50856.115000000005,50600.147,51085.321,52072.742,47271.583,47211.528,51802.333
6.0,502444.15400000004,50709.727999999996,50473.073,50343.819,50709.727999999996,50333.598000000005,50990.905,52091.702,47845.216,47037.244999999995,51909.14
7.0,503190.40499999997,51258.338,50221.36,50454.502,51258.338,50487.856999999996,50814.754,52091.702,47890.763999999996,47037.244999999995,51675.545
8.0,504163.96099999995,50987.77,50796.68199999999,50799.422999999995,50987.77,50657.904,51078.005,52351.074,47946.6,47190.638,51368.094999999994
9.0,502810.19000000006,51151.112,50401.621,50760.530000000006,51151.112,50110.024000000005,51102.936,51941.617999999995,48044.807,46549.807,51596.623
10.0,501860.3229999999,50657.228,50522.147,50458.386,50657.228,50761.224,50800.055,52160.950999999994,48049.011999999995,46549.807,51244.284999999996
11.0,502579.579,51074.941000000006,50558.197,50513.818999999996,51074.941000000006,50720.458999999995,50830.817,51907.718,47936.236000000004,46549.807,51412.644
12.0,503149.65400000004,50792.466,50448.664000000004,50812.244,50792.466,50630.858,50715.885,52334.829999999994,47881.29,47041.279,51699.672
13.0,502474.54799999995,51172.511,50424.772,50571.426,51172.511,50516.289,50521.265999999996,51893.451,47896.839,47041.279,51264.204
14.0,502661.464,50729.3,50372.995,50599.941,50729.3,50615.555,50666.919,52568.033,47610.115999999995,47315.517,51453.788
15.0,501278.086,50769.948,50171.428,50482.638,50769.948,50345.064999999995,50779.554,52149.521,47295.808000000005,47315.517,51198.659
16.0,501114.695,50272.91,50668.087999999996,50580.534999999996,50272.91,50192.759000000005,50666.471000000005,52384.923,47880.77,47315.517,50879.812
17.0,503081.04699999996,50629.633,50934.873,50561.147,50629.633,50457.221,50749.21,52334.429000000004,47930.729999999996,47315.517,51538.654
18.0,501229.26900000003,50621.85,50792.54,50714.016,50621.85,50089.038,50508.932,52062.896,47333.723,47315.517,51168.907
19.0,499853.754,50375.46,50142.442,50705.356999999996,50375.46,50075.248,50513.163,52224.699,46723.429000000004,47315.517,51402.979
20.0,501755.9980000001,50633.921,50530.236000000004,51037.779,50633.921,50533.037,50688.659999999996,51871.899999999994,47587.211,47030.10600000001,51209.227
21.0,502768.866,50615.59299999999,50219.932,51025.197,50615.59299999999,50423.032,50924.375,52161.674,47856.5,47385.320999999996,51541.649
22.0,503610.082,51108.09299999999,50863.613,50759.382000000005,51108.09299999999,50754.134,50867.931,51840.471,47489.473,47150.298,51668.594
23.0,502648.38599999994,50935.316999999995,50522.259,50481.424,50935.316999999995,50539.225,51396.665,52361.234000000004,47277.369999999995,47335.490999999995,50864.083999999995
24.0,500872.851,50718.364,50233.314,50372.89,50718.364,50413.411,51008.395,51690.291000000005,47520.68,46811.683000000005,51385.458999999995
25.0,501056.3239999999,50733.474,50859.571,50200.377,50733.474,50412.909,50719.926,51910.871999999996,47195.636999999995,47226.809,51063.274999999994
26.0,502016.735,50867.474,50415.036,50458.327,50867.474,50262.95,51056.337,51685.61,47592.587,47483.973,51326.967000000004
27.0,500616.498,51015.833999999995,50642.218,50561.247,51015.833999999995,50240.744999999995,50840.559,51665.286,47422.878,46383.726,50828.170999999995
28.0,501184.979,50796.045999999995,50595.723999999995,50326.511000000006,50796.045999999995,50238.447,51058.106,52146.569,47503.0,46664.388,51060.142
29.0,502072.13200000004,50796.045999999995,51012.497,50374.445999999996,50796.045999999995,50313.332,51058.106,52193.178,47671.422999999995,46796.916000000005,51060.142
30.0,501952.136,50678.138,50484.638,50520.712,50678.138,50478.479999999996,51108.404,52412.576,47616.501,46983.351,50991.198
31.0,501320.331,50704.371999999996,50267.227,50631.062,50704.371999999996,50334.991,50998.621,52372.912,47294.262,47028.217,50984.295000000006
32.0,501994.149,50653.174,50453.634,50680.577,50653.174,50461.727000000006,51071.15,52491.941,47038.234000000004,47070.079999999994,51420.458000000006
33.0,502366.825,50856.368,50838.167,50460.684,50856.368,50639.466,50949.407999999996,52262.653,46974.63,47299.466,51229.615000000005
34.0,502236.1729999999,50863.791,50721.768,50508.77,50863.791,50291.267,51025.006,52619.149999999994,47461.219999999994,46516.03999999999,51365.369999999995
35.0,502233.80600000004,50878.171,50518.728,50597.233,50878.171,50477.388,50971.498,52330.962999999996,47181.831000000006,47128.613000000005,51271.21000000001
36.0,501545.16900000005,50891.117,50496.034,50474.252,50891.117,50317.326,51070.577,52278.193,47275.995,46579.348000000005,51271.21000000001
37.0,502194.406,50961.635,50657.026000000005,50424.086,50961.635,50179.225000000006,51080.081999999995,52340.105,47132.616,46848.748,51609.248
38.0,501733.838,50931.424,50252.301,50902.070999999996,50931.424,50139.937000000005,51084.753,51689.496,47061.015,47229.524,51511.893000000004
39.0,502750.32,50862.376,50574.072,50956.968,50862.376,50275.67,51025.138,52174.354999999996,47412.89,47200.139,51406.336
40.0,501817.90400000004,50769.782999999996,50690.47,50771.286,50769.782999999996,50423.520000000004,51005.079000000005,52505.929000000004,47257.207,46856.822,50768.025
41.0,501837.18500000006,50562.543,50334.575000000004,50848.061,50562.543,50529.091,50869.971,52608.604999999996,47446.971,46953.206,51121.619000000006
42.0,502797.98300000007,50910.086,50486.0,50659.700000000004,50910.086,50215.946,50896.403,52470.664,47610.748,47163.878,51474.472
43.0,501671.569,50854.742,50161.257,50873.223000000005,50854.742,50383.697,50885.236,52618.727,47376.772000000004,46839.757,50823.416000000005
44.0,500980.84300000005,50536.458000000006,50210.865,50905.893,50536.458000000006,50506.968,50714.770000000004,52396.188,47297.372,46839.757,51036.114
45.0,502374.713,51004.559,50107.734000000004,50799.712999999996,51004.559,50831.248999999996,50702.675,52396.188,47637.853,47020.338,50869.845
46.0,501702.414,50826.14,50240.755999999994,50726.678,50826.14,50485.038,50809.25,52579.044,47261.710999999996,47142.904,50804.753
47.0,503051.80700000003,50713.771,50579.587,50958.911,50713.771,50724.462,50574.207,52817.171,47704.467000000004,46910.365,51355.095
48.0,502407.37100000004,51193.524,50622.536,50767.438,51193.524,50383.445,50477.636,52458.475999999995,47110.994,47067.901,51131.897000000004
49.0,502875.964,51089.018000000004,50379.97,51232.581000000006,51089.018000000004,50569.432,50741.5,52454.263,47254.854999999996,46912.765999999996,51152.561
50.0,503261.891,50991.41,50538.041,50888.570999999996,50991.41,50336.879,50470.402,52504.757,47297.53,47313.037000000004,51929.854
51.0,502010.843,50910.443,50742.303,50981.914000000004,50910.443,50499.936,50874.201,52432.109,46929.797999999995,46615.797999999995,51113.898
52.0,501668.968,50694.049,50592.865000000005,50696.348999999995,50694.049,50599.666999999994,50783.239,52225.371,46979.103,46770.919,51633.356999999996
53.0,500867.505,50936.54,50697.609,50660.563,50936.54,50245.621999999996,50760.586,52193.871999999996,46821.717,46394.106999999996,51220.349
54.0,502359.23899999994,51067.549,50368.614,50757.981,51067.549,50700.005,50795.380000000005,52193.871999999996,47009.169,47073.805,51325.315
55.0,501668.526,50840.149,50533.719,50513.964,50840.149,50545.36,50670.566999999995,52122.960999999996,47555.256,46718.373999999996,51328.027
56.0,502007.68100000004,51149.685,50423.941,50689.906,51149.685,50846.382,50465.17999999999,52174.079,47354.367000000006,46644.348999999995,51110.106999999996
57.0,502180.90699999995,51128.805,50763.572,50311.706999999995,51128.805,50617.669,50527.811,52023.257,47270.263,47248.945,51160.073
58.0,502060.188,51102.688,50753.898,50379.555,51102.688,50648.073,50777.206,51756.075000000004,47441.353,46506.602999999996,51592.049000000006
59.0,503069.65699999995,51020.862,50765.653999999995,50639.926,51020.862,50697.848999999995,50703.92,52229.132,47485.624,46642.659999999996,51863.168000000005
60.0,502231.34,51178.468,51012.062,50738.788,51178.468,50782.606,50404.055,51552.759,47269.774,46735.351,51379.009000000005
61.0,503069.851,51242.4,50750.67,50542.291,51242.4,51170.322,50458.759999999995,51552.759,47235.712,47363.53,51511.007
62.0,502763.869,50745.396,51015.179000000004,50528.852999999996,50745.396,50843.131,50526.157,52213.96,48000.257,47001.32,51144.219999999994
63.0,501954.38300000003,51003.221000000005,50680.296,50556.612,51003.221000000005,50808.679,50664.371,51941.777,46983.355,47395.19,50917.661
64.0,503276.265,51367.562,50800.183,50298.325,51367.562,50374.564,50764.311,52392.045000000006,47304.448000000004,47103.941,51503.324
65.0,502656.984,50762.452000000005,50903.227999999996,50620.852,50762.452000000005,50880.561,50458.516,52240.315,47312.668000000005,47312.731,51403.208999999995
66.0,503272.642,50893.85,50964.753000000004,50530.41,50893.85,50639.885,50794.593,52462.115,47516.457,46990.723000000005,51586.005999999994
67.0,502704.996,50820.782999999996,50535.189000000006,50607.303,50820.782999999996,50353.916,50289.592,52506.805,47663.457,47564.354999999996,51542.813
68.0,503045.4110000001,51001.696,50906.723,50377.97,51001.696,50489.803,50060.954000000005,52537.846000000005,47691.460999999996,47783.200000000004,51194.062000000005
69.0,502171.408,51027.846,50576.256,50688.393,51027.846,50035.64,50499.80699999999,52543.936,47456.676999999996,47099.835,51215.172000000006
70.0,501719.726,50906.144,50969.966,50615.784,50906.144,50378.145000000004,50186.206,52543.936,47366.068,46953.701,50893.632
71.0,504028.3770000001,51248.972,51123.157999999996,50455.489,51248.972,50642.11,50550.731,52638.737,47498.87300000001,47145.772000000004,51475.563
72.0,504048.7259999999,51554.114,50827.294,50571.078,51554.114,50509.786,50545.464,52618.583,47318.897,47096.04,51453.356
73.0,502272.283,51134.096999999994,50665.553,50555.551999999996,51134.096999999994,50563.566,51039.907999999996,52504.756,47031.385,47045.96,50597.409
74.0,502921.265,50904.581999999995,50835.568,50992.484,50904.581999999995,50287.832,51166.331999999995,52830.384000000005,46939.126000000004,47145.772000000004,50914.603
75.0,502629.14400000003,51034.942,50539.273,50887.494,51034.942,50152.768000000004,50635.977,52697.193,47101.217,47298.573,51246.76500000001
76.0,502062.021,51181.584,50515.632,50935.406,51181.584,50068.861,50488.626,52592.908,46235.157999999996,47239.874,51622.388
77.0,502296.118,51034.121,50431.717,50942.839,51034.121,50122.932,50567.733,52281.937999999995,47568.162000000004,47010.286,51302.269
78.0,502810.73900000006,51293.888,51090.898,50847.608,51293.888,50450.07,50690.112,52292.718,46382.761,46674.106999999996,51794.689
79.0,503421.506,51258.922,51080.134,50633.655,51258.922,50361.584,50599.263999999996,52380.376,47620.323,46851.539000000004,51376.787
80.0,502117.52600000007,51107.481,50893.259999999995,50512.030000000006,51107.481,50363.534,50619.89,52119.483,46990.286,46927.137,51476.944
81.0,503179.928,51220.008,50817.284999999996,50891.812,51220.008,50404.437,50556.047,52211.096,47101.644,47213.116,51544.475
82.0,503254.88,51304.176,51071.079,50892.006,51304.176,50570.379,50981.778,52400.92,46866.933000000005,46628.898,51234.535
83.0,504578.72400000005,51221.787,50980.742999999995,51070.647000000004,51221.787,50595.505000000005,50917.215,52585.847,47116.961,47253.62899999999,51614.603
84.0,503763.968,51315.664,50922.183,50828.291999999994,51315.664,50636.106,50528.195,52413.636,47320.941,46869.993,51613.294
85.0,502035.35400000005,51134.694,51057.802,51017.91,51134.694,50505.848,50502.046,52310.243,46817.616,46131.676,51422.825000000004
86.0,503493.43400000007,51153.935,50949.590000000004,50629.022,51153.935,50609.603,50486.556,52477.71,47186.295,47520.997,51325.791000000005
87.0,502206.4979999999,50955.373,50712.323,50413.457,50955.373,50731.511,50271.465,52835.823,47123.945999999996,46843.170999999995,51364.056
88.0,504072.69399999996,51086.288,51096.077,50834.209,51086.288,50567.726,50742.803,52835.823,46874.229,46904.795999999995,52044.455
89.0,502921.03699999995,51071.024000000005,50940.221,50533.794,51071.024000000005,50247.861,50523.688,53014.181000000004,47056.932,46939.441,51522.871
90.0,502861.986,50869.906,51313.842000000004,50766.318,50869.906,50703.212999999996,50706.903,52667.014,46897.678,47198.937999999995,50868.268000000004
91.0,503489.68399999995,51192.121999999996,51095.688,50569.699,51192.121999999996,50339.740999999995,50844.149000000005,52933.061,47115.185,46838.062999999995,51369.854
92.0,502870.86899999995,50917.879,50480.165,50454.476,50917.879,50603.967,50862.383,52949.346,47303.354,47045.222,51336.198000000004
93.0,502308.256,51148.117,50795.423,50844.229,51148.117,50243.83,50756.683000000005,52412.484,46882.104,46708.446,51368.823
94.0,503417.289,51231.488,50935.882,50718.078,51231.488,50797.578,50656.077000000005,52415.068,47383.323,46512.494,51535.812999999995
95.0,503038.9260000001,51227.613,50611.136,50876.918000000005,51227.613,50513.97,50739.232,52415.068,47233.285,46544.788,51649.303
96.0,501512.76499999996,50853.194,50364.988,50840.028,50853.194,50344.989,50524.753,52389.263,47089.868,46880.195,51372.293
97.0,502504.477,50946.754,50754.876000000004,50796.076,50946.754,50143.596000000005,50804.571,52542.856,46923.814,47106.904,51538.276000000005
98.0,502740.524,50882.174,50437.651000000005,50858.37,50882.174,50216.313,50895.379,52900.623,46761.713,47090.87,51815.257000000005
99.0,500258.30199999997,50811.403,50100.11,50615.029,50811.403,50196.562999999995,50693.013999999996,53100.6,46783.386999999995,46770.319,50376.474
100.0,500962.9389999999,50591.905,50602.215000000004,50603.523,50591.905,50702.308000000005,50223.566,53187.187,47006.992,46781.814,50671.524
101.0,501701.22699999996,50770.308,50557.897,50512.644,50770.308,50453.604,50777.284,53187.187,47075.031,46781.619999999995,50815.344000000005
102.0,502365.929,50881.685,51026.693999999996,50935.789,50881.685,50494.225,50373.603,53100.451,46773.193999999996,46886.135,51012.468
103.0,503362.13500000007,50839.362,50846.798,50817.973000000005,50839.362,50202.478,50616.563,53180.191,46883.944,47557.189,51578.275
104.0,502000.657,51091.518000000004,50876.708,50828.567,51091.518000000004,50493.102999999996,50253.531,52609.24,47000.324,46540.553,51215.595
105.0,503242.393,51120.112,50604.164,50961.327,51120.112,50452.439,50512.645,52541.212999999996,47163.761999999995,47294.096000000005,51472.523
106.0,501923.871,51213.659,50721.63,50642.668999999994,51213.659,50703.388,50445.576,52826.572,46281.855,46881.674,50993.189
107.0,502478.89900000003,51083.90700000001,50755.852,51051.627,51083.90700000001,50425.217000000004,50349.547999999995,52721.341,46816.827000000005,47006.056000000004,51184.617000000006
108.0,503536.476,50963.836,50661.275,51076.712999999996,50963.836,50576.371,50690.990999999995,52576.412,47039.125,47101.612,51886.305
109.0,501578.75299999997,51101.280000000006,50653.044,50702.187000000005,51101.280000000006,50549.394,50440.25,52386.974,46960.055,46411.113,51273.176
110.0,501632.061,50792.761,51242.409,50788.182,50792.761,50596.901000000005,50387.340000000004,52048.338,46573.898,46994.262,51415.208999999995
111.0,503251.076,51043.551999999996,51234.611000000004,50603.335999999996,51043.551999999996,50612.183000000005,50458.351,52548.493,46818.707,47393.426,51494.865
112.0,502323.065,50952.661,50841.558999999994,50373.223000000005,50952.661,50697.773,50692.78,52277.943,47203.927,46785.011,51545.527
113.0,502114.641,51163.562,50888.029,50738.754,51163.562,50720.13,50353.86,52246.602000000006,46927.519,46611.674999999996,51300.948
114.0,502534.18200000003,50976.626000000004,51072.522,50601.54,50976.626000000004,50128.448,50734.265,52393.893,46883.683,46863.776,51902.803
115.0,503121.19399999996,50700.242000000006,50861.415,50929.416000000005,50700.242000000006,50676.583999999995,50784.123,52215.046,47249.174,47400.787000000004,51604.165
116.0,502252.35900000005,51056.052,50941.611000000004,50684.968,51056.052,50252.759,50605.003000000004,52215.046,46611.255999999994,47321.71000000001,51507.902
117.0,503313.422,51053.26,50891.73,50684.745,51053.26,50597.444,50961.657,52748.936,46560.791000000005,47038.294,51723.305
118.0,502753.88499999995,50830.606,50861.415,50705.962,50830.606,50254.193999999996,50971.071,52770.551,46761.435,47084.828,51683.217
119.0,503832.384,51120.818,50896.664000000004,50951.737,51120.818,50809.88,50857.765,52639.299999999996,46667.872,47233.73,51533.8
120.0,502825.12299999996,50959.622,50682.799000000006,51255.615,50959.622,50509.096,50913.766,52578.566,46522.09,47083.698,51360.249
121.0,503153.456,51016.094000000005,50645.511,50942.895,51016.094000000005,50523.562,50730.236,52734.876,46785.14,47014.969,51744.079
122.0,503634.545,51181.313,51115.741,51043.661,51181.313,50348.66,50582.600999999995,52774.791,47110.553,46830.375,51465.537
123.0,503234.024,51092.706999999995,51017.957,51164.191,51092.706999999995,50487.071,50478.363000000005,52738.007000000005,46948.699,47144.551,51069.771
124.0,503820.34800000006,51247.539000000004,50823.388,51047.485,51247.539000000004,50095.896,51046.549,52738.007000000005,46501.901,47215.78,51856.264
125.0,504645.476,51139.567,51015.394,51102.583000000006,51139.567,50473.753000000004,50842.894,53081.621,46719.591,47425.043000000005,51705.463
126.0,503180.53599999996,51025.176,50794.271,50791.513,51025.176,50465.262,50609.138999999996,52623.943,46784.113,47312.941,51749.002
127.0,503033.4309999999,51251.422,50821.057,50857.299,51251.422,50530.427,50871.882,52679.723000000005,46968.241,47021.273,50780.685
128.0,504855.3689999999,51323.145,51316.964,50928.153,51323.145,50897.42,51074.567,53141.475,46702.671,47160.600000000006,50987.229
129.0,504057.46699999995,51408.318999999996,50922.312,50917.081000000006,51408.318999999996,50702.577,51104.008,53000.808999999994,46285.174,46702.003,51606.865
130.0,503741.421,51356.782,50839.755,50963.780999999995,51356.782,50506.635,50934.722,53034.711,46593.262,46970.061,51184.93
131.0,503906.54800000007,50978.553,51199.444,51043.187000000005,50978.553,51055.078,50677.653,52905.562000000005,46139.358,47621.06,51308.100000000006
132.0,503004.472,51068.096,50614.566000000006,50794.482,51068.096,50853.062,50748.812,53119.145000000004,46592.708,47017.308999999994,51128.196
133.0,501541.58,50899.831,50783.920000000006,50849.362,50899.831,50444.605,50959.325999999994,53077.123,46695.43199999999,46336.585,50595.565
134.0,502107.27699999994,51346.707,50727.80499999999,50719.506,51346.707,50546.485,50471.756,52561.147,46336.895,47105.002,50945.267
135.0,501392.936,50837.204,50855.92,50711.843,50837.204,50650.202,50686.383,52776.665,45754.401,46933.884,51349.229999999996
136.0,503091.419,51148.507000000005,51239.165,50634.712,51148.507000000005,50264.075,50637.522,52841.423,46720.392,47344.517,51112.599
137.0,503287.7309999999,51259.244000000006,51165.721,51017.1,51259.244000000006,50578.311,50499.734,52685.094999999994,47021.473,46847.502,50954.307
138.0,502690.914,51059.593,50925.064999999995,51121.771,51059.593,50256.960999999996,50610.412,52469.021,46538.875,47126.415,51523.208
139.0,501290.03200000006,50785.466,50992.257000000005,51000.164,50785.466,50127.670000000006,50713.632,52479.777,46264.406,46764.560000000005,51376.634000000005
140.0,502078.802,50773.254,51011.046,50958.666,50773.254,50436.299,50639.969,52420.466,46410.778,46967.543999999994,51687.526
141.0,502450.7860000001,50854.844,50700.422000000006,50894.475,50854.844,50547.777,50709.167,52477.079000000005,46854.466,46871.136999999995,51686.575
142.0,502024.23799999995,50642.418999999994,51015.816999999995,50654.558000000005,50642.418999999994,50634.486000000004,50705.147,52999.924,46255.198,46869.622,51604.648
143.0,501425.107,50764.28,50963.796,50625.594999999994,50764.28,50440.939999999995,50741.863000000005,52915.184,46252.621,47242.668000000005,50713.880000000005
144.0,500407.391,50753.515999999996,50615.997,50635.754,50753.515999999996,50221.792,50922.603,52609.153,45920.972,46643.593,51330.495
145.0,501055.377,50775.9,50670.54,50750.848,50775.9,50126.365,50796.197,52627.769,46400.135,46744.066,51387.657
146.0,502660.06799999997,50995.952000000005,50859.626,50763.735,50995.952000000005,50150.79,50926.072,52533.307,46339.087999999996,47416.826,51678.72
147.0,502399.271,51091.412,51046.743,50677.295999999995,51091.412,49988.504,50552.978,52946.037,46590.466,47066.051,51348.371999999996
148.0,503019.73900000006,50780.056000000004,50950.25,50795.759,50780.056000000004,50689.378,50875.183,52914.445,46480.56,47095.334,51658.718
149.0,501621.554,50605.344000000005,51137.251,50606.108,50605.344000000005,50457.981,50796.886,52481.973000000005,46313.376,46651.829999999994,51965.460999999996
150.0,501929.60300000006,51107.11,51319.848,50826.545000000006,51107.11,50129.942,51079.498999999996,52471.183000000005,45844.445999999996,46578.46,51465.46
151.0,503619.968,51193.74,51153.714,50714.05699999999,51193.74,50589.996,50802.988999999994,52753.369,46775.337,46769.945,51673.081000000006
152.0,501994.869,50869.494000000006,51484.573,50629.406,50869.494000000006,50312.511,50793.936,52154.916999999994,46118.636,46789.327999999994,51972.574
153.0,502942.4110000001,51111.456,51334.443999999996,50866.708000000006,51111.456,50412.691,50447.058,52025.683,46567.651,47177.449,51887.815
154.0,501807.40699999995,50820.219000000005,51279.68,50715.751,50820.219000000005,50465.225,50644.558000000005,52786.257,46102.511999999995,47060.42999999999,51112.556
155.0,502429.35699999996,50987.589,51338.405,50743.068999999996,50987.589,50990.843,50644.855,52241.681,46345.055,47091.504,51058.767
156.0,501741.544,50935.938,50944.768000000004,50943.339,50935.938,50482.547,50995.703,52258.467000000004,46176.926,47059.951,51007.967000000004
157.0,501332.279,50569.077,50942.984000000004,50756.195,50569.077,50658.505,51071.664,52506.693,46322.308999999994,46882.39,51053.385
158.0,500490.07700000005,50432.969,50641.322,50860.3,50432.969,50602.448000000004,51056.197,51916.249,46057.277,46962.185,51528.161
159.0,501310.00100000005,50542.791000000005,51083.206,50687.07,50542.791000000005,50786.087999999996,51059.193999999996,52305.701,45904.75399999999,47085.909,51312.497
160.0,501316.693,50724.020000000004,51292.633,50666.248,50724.020000000004,50750.204,50961.678,52348.498,45936.896,46759.76,51152.736
161.0,502058.172,50638.824,50968.454,50996.454,50638.824,50597.913,50688.34,52230.793,46436.751000000004,47392.418999999994,51469.4
162.0,501241.222,50865.204,50887.453,50779.8,50865.204,50600.937000000005,50762.861000000004,52170.721999999994,46329.69,46907.066999999995,51072.28400000001
163.0,502347.568,50741.82,51344.852000000006,50838.424000000006,50741.82,50600.937000000005,50847.171,52181.552,46718.903,47019.070999999996,51313.018
164.0,501661.62899999996,50751.03,51210.379,50851.328,50751.03,50258.654,50710.358,52507.022,46826.844000000005,46804.128,50990.856
165.0,500808.354,50787.897000000004,50514.159,50609.119999999995,50787.897000000004,50292.990000000005,50759.850999999995,52479.32,46413.479,46871.64,51292.001
166.0,503386.97099999996,50853.804,50842.368,50789.425,50853.804,50875.365000000005,50887.225,52555.475,46939.02099999999,47071.170000000006,51719.314
167.0,501863.227,50881.950000000004,50990.443999999996,50552.465,50881.950000000004,50294.606999999996,50801.462,52288.665,46518.301,47271.803,51381.58
168.0,500486.40699999995,50600.078,51166.651,50474.175,50600.078,50080.05699999999,50928.001000000004,51852.926,46887.332,46620.7,51276.409
169.0,502343.83699999994,50829.155999999995,51166.651,50738.867,50829.155999999995,50362.547,51165.872,51832.090000000004,46834.778,46850.901999999995,51733.818
170.0,500805.335,50959.332,51007.421,50485.179000000004,50959.332,50046.86,50811.507,51579.016,47094.808,46986.646,50875.234
171.0,502250.634,51516.182,50847.701,50558.965000000004,51516.182,50246.817,50992.049,51986.612,46446.703,47096.172000000006,51043.251
172.0,499948.398,50509.649000000005,51225.485,50487.435,50509.649000000005,50076.619,50887.337,51650.379,46758.782,46507.441999999995,51335.62100000001
173.0,501775.237,50695.627,50698.810000000005,50855.492,50695.627,50329.41,51222.509000000005,51768.61,46713.731,47137.709,51657.712
174.0,502651.0,51206.609,50793.377,50947.977999999996,51206.609,50081.923,50837.199,52089.907,46909.185,47127.484000000004,51450.729
175.0,502713.984,50940.83,51009.943,51177.979999999996,50940.83,50257.157,51069.131,52315.273,46620.581,46821.185,51561.074
176.0,502592.966,51136.676999999996,50999.778999999995,50970.706,51136.676999999996,50284.793999999994,51060.460999999996,52463.965000000004,46412.427,46814.843,51312.637
177.0,502695.35300000006,51275.722,50820.205,50955.201,51275.722,49946.967000000004,50885.354,52453.613,46966.617999999995,46704.257,51411.693999999996
178.0,501338.62600000005,50988.726,50850.669,50790.231,50988.726,49948.599,50807.315,51860.337999999996,46334.303,47251.725999999995,51517.992999999995
179.0,500955.4309999999,50988.726,50573.136,50941.977999999996,50988.726,50145.668999999994,50764.345,51892.445999999996,46232.424999999996,46933.555,51494.425
180.0,502597.772,51377.884,50926.986999999994,50814.196,51377.884,50119.284,50799.85400000001,51752.047,46939.242999999995,46821.441,51668.952
181.0,501485.9419999999,51127.398,51088.293,51009.520000000004,51127.398,50075.964,50635.146,52094.236000000004,46234.642,46750.138,51343.207
182.0,503583.69599999994,50896.78,50997.933000000005,50780.999,50896.78,50500.234,51019.307,52668.276,46326.909999999996,47349.013,52147.464
183.0,501277.1930000001,50938.348,50684.608,50845.863000000005,50938.348,50104.56,50848.379,52683.276,46225.797,46538.19,51469.824
184.0,503004.17600000004,51059.72,50838.240999999995,50947.056000000004,51059.72,50198.43199999999,51274.324,52681.922,46119.224,47125.728,51699.809
185.0,503873.746,51123.049999999996,51068.884,50965.167,51123.049999999996,50547.565,51113.267,52718.429000000004,46811.621,46533.231,51869.481999999996
186.0,501936.296,51114.718,50870.582,51047.432,51114.718,50190.734,50934.475,52466.627,46409.979999999996,46449.951,51337.079000000005
187.0,502764.09300000005,51226.362,51104.07,50582.265999999996,51226.362,50527.042,50622.804000000004,51943.82,46649.146,47113.835999999996,51768.385
188.0,501003.993,51075.323,50844.943999999996,50622.100000000006,51075.323,49970.619999999995,50992.942,51853.325,46987.352,46241.015,51341.049
189.0,503380.93399999995,51410.048,50962.395000000004,50923.518000000004,51410.048,50380.134,50617.917,52333.066,46748.925,47490.105,51104.778000000006
190.0,501785.09900000005,50882.905,51602.178,50646.623,50882.905,50530.878000000004,50505.69,52245.944,46495.548,46961.924000000006,51030.504
191.0,501744.60000000003,51237.429,50824.214,50422.278,51237.429,50119.114,50743.761999999995,52245.944,46334.486,47676.277,50903.667
192.0,500735.542,50976.481999999996,50855.577,50772.382,50976.481999999996,50069.864,50778.081999999995,52222.498999999996,46444.732,46736.123,50903.319
193.0,500473.1919999999,51118.986999999994,50484.797,51199.142,51118.986999999994,50219.275,50754.195,51622.971999999994,46532.388,46638.772000000004,50783.676999999996
194.0,501910.235,50966.842,51592.990999999995,50952.423,50966.842,50436.475,50655.918999999994,52474.567,46224.142,46766.699,50873.335
195.0,503030.13,51076.323000000004,51375.493,51262.58700000001,51076.323000000004,50562.935000000005,50695.402,52671.648,46339.464,47066.162,50903.793
196.0,502495.845,50575.535,51449.507,51042.78999999999,50575.535,50573.984000000004,50719.164,52395.076,46902.904,46880.534,51380.816000000006
197.0,500471.194,50402.397,51087.879,50784.148,50402.397,50358.74,50481.511,52048.627,46445.362,47563.348,50896.785
198.0,501110.37500000006,50779.093,51103.911,50897.558,50779.093,50511.187,50298.799,52268.721,46381.841,47236.046,50854.126000000004
199.0,501141.75399999996,50898.584,50709.654,50978.941,50898.584,50191.064,50514.316,52509.611999999994,46775.703,46699.165,50966.130999999994
200.0,501769.436,51012.11,51098.954,50978.681000000004,51012.11,50472.263,50919.511,52734.917,46300.111000000004,46499.505999999994,50741.273
201.0,502407.15800000005,50944.161,51276.915,51264.116,50944.161,50548.67,50624.530999999995,53076.887,46176.388000000006,46823.434,50727.895
202.0,501386.72199999995,50839.398,50894.585999999996,51395.282999999996,50839.398,50471.809,50417.49,52522.371999999996,46703.203,46557.408,50745.775
203.0,502379.58900000004,51147.798,51492.095,50903.287,51147.798,50045.045,50532.793,52519.219999999994,46324.596,46725.356,51541.601
204.0,501505.892,50783.195999999996,50784.051,50794.348999999995,50783.195999999996,50284.72,50745.793999999994,52548.954000000005,46274.893,47107.971999999994,51398.767
205.0,503854.651,51071.085,50880.803,50552.380999999994,51071.085,50185.854,50876.302,52430.36,46329.957,46863.489,53593.33500000001
206.0,503735.65900000004,50797.054000000004,51617.113000000005,50844.053,50797.054000000004,50370.323,50665.537000000004,52305.21,46130.0,46801.087,53408.228
207.0,505612.688,51200.666,51145.615999999995,50962.636000000006,51200.666,50501.867,50906.613999999994,52427.042,46842.932,46608.613,53816.036
208.0,505366.04699999996,51580.303,50999.257999999994,50739.034,51580.303,50345.810999999994,50694.315,51804.145,46690.485,47229.054,53703.339
209.0,503652.66200000007,51527.657,51088.442,50720.743,51527.657,50504.336,50502.88,51523.715000000004,46699.612,46838.185000000005,52719.435
210.0,505582.27700000006,51775.682,51210.216,50975.757000000005,51775.682,50212.527,50638.118,52133.049,46491.151000000005,46950.347,53419.748
211.0,507921.1609999999,51753.988999999994,51214.377,50907.499,51753.988999999994,50258.172,51167.918999999994,52587.261,46326.719,46761.185,55190.051
212.0,513018.221,52487.0,51344.485,51219.719,52487.0,50240.193,51504.378000000004,53573.652,46684.114,47372.284999999996,56105.395000000004
213.0,513351.6769999999,52082.257,51521.556,51399.36,52082.257,50348.572,51786.306000000004,54179.24,47451.845,47372.284999999996,55127.999
214.0,516025.17000000004,52139.059,52192.863000000005,51604.765,52139.059,51103.912000000004,52054.109,54280.335,47577.216,47703.886,55229.966
215.0,517096.9170000001,52606.259,52257.145000000004,52815.565,52606.259,51584.341,52278.993,54183.563,47756.503000000004,46539.753,54468.536
216.0,517002.413,52277.792,52360.185,52894.932,52277.792,51301.006,52236.905,54392.879,47934.74,46986.129,54340.053
217.0,515784.143,52166.181000000004,52549.268,52746.763999999996,52166.181000000004,51337.494,51814.263,54502.325,47321.446,47251.486999999994,53928.734
218.0,514059.5839999999,52104.483,52556.465000000004,53078.077,52104.483,51190.064,51609.442,53733.659,47418.675,46848.506,53415.73
219.0,516371.60500000004,52278.46799999999,52558.211,53132.258,52278.46799999999,51781.361,51580.153000000006,53752.253000000004,47786.373,47219.164,54004.896
220.0,513908.86899999995,51860.922,52621.839,52783.777,51860.922,51482.346999999994,51626.246999999996,53541.115,47517.759,46740.203,53873.738000000005
221.0,515838.11699999997,52382.030999999995,52523.254,53008.195999999996,52382.030999999995,51436.541,51504.715,53600.918999999994,47844.721999999994,46903.174999999996,54252.533
222.0,514985.858,51947.028000000006,52432.744,53054.339,51947.028000000006,51327.514,51668.407999999996,54012.357,47543.380999999994,46470.483,54582.576
223.0,518654.51300000004,52521.966,52678.946,53023.032,52521.966,51975.899,52376.184,53972.875,47770.713,47266.618,54546.314000000006
224.0,520291.37799999997,52534.875,53049.556000000004,53393.459,52534.875,51947.099,51920.768000000004,54163.082,48766.536,47050.175,54930.953
225.0,523087.939,53117.984,52951.013000000006,53526.212999999996,53117.984,52552.025,52729.369,54478.602,49019.077000000005,47191.88,54403.792
226.0,519198.52800000005,52927.225,52910.736,53638.278,52927.225,52543.132,52322.842000000004,54143.284,48100.924,47295.205,52389.676999999996
227.0,515769.32700000005,52484.575,52283.277,53124.182,52484.575,52289.987,52378.745,54178.252,47906.346,47124.901,51514.487
228.0,515137.34900000005,52388.911,51908.531,52487.177,52388.911,52222.026999999995,52847.465,54061.085,47793.351,47391.99,51647.901
229.0,513574.61300000007,52205.429000000004,51952.744000000006,52613.041000000005,52205.429000000004,52081.454,52205.199,53696.765999999996,47609.740000000005,47416.176999999996,51588.634
230.0,511486.24000000005,52066.594000000005,52370.352,52382.467,52066.594000000005,51812.672,51603.158,53170.394,46930.590000000004,47450.425,51632.994
231.0,510182.90699999995,51825.549,51765.223,52046.87899999999,51825.549,51875.829000000005,51602.507000000005,52896.14,47205.398,47423.479999999996,51716.352999999996
232.0,505219.158,50933.265,51706.788,51426.679,50933.265,51309.059,51329.606,52692.284,46281.651,47555.522000000004,51051.039000000004
233.0,504472.832,50664.212999999996,51432.348,51425.105,50664.212999999996,51433.056000000004,50989.30699999999,52595.498,46380.637,47340.829999999994,51547.625
234.0,503979.299,51024.218,50837.609000000004,51165.203,51024.218,50900.922999999995,50955.679000000004,52434.021,46212.792,47841.414,51583.222
235.0,503068.246,50624.842000000004,50870.013999999996,50989.403000000006,50624.842000000004,50991.222,50617.91,52421.638,46551.473,47677.886999999995,51699.015
236.0,501925.823,50969.329000000005,51093.946,50730.673,50969.329000000005,50344.215,50802.832,52208.572,46492.502,47677.886999999995,50636.538
237.0,502620.095,50976.633,51330.503,50627.864,50976.633,50744.738,50541.037000000004,52018.121,46247.632000000005,47767.75399999999,51389.18
238.0,501845.755,50939.128,50713.184,50941.813,50939.128,50550.491,50542.93,52003.490999999995,46424.146,47651.598,51139.846
239.0,501874.691,50941.579,51013.792,51071.217,50941.579,50680.951,50337.977,51947.935,46151.394,47426.512,51361.755000000005
240.0,502660.70200000005,51125.573000000004,51395.051,50903.132999999994,51125.573000000004,50551.804,50066.716,51824.521,46768.761,47799.434,51100.136
241.0,503404.103,50773.782,51225.155,50969.439,50773.782,50488.136,50411.214,52330.536,46743.741,48099.511,51588.807
242.0,504165.3280000001,50942.539,51280.022000000004,51092.619999999995,50942.539,50828.558000000005,50589.362,52178.81,46865.367,48108.883,51336.628
243.0,501624.028,50804.609,50970.236,50498.054000000004,50804.609,50474.518000000004,50879.956999999995,52090.787,46139.096000000005,47831.622,51130.54
244.0,502234.05500000005,50722.87,50934.509,51035.953,50722.87,50058.015,50746.558,52352.297999999995,46669.774,47707.841,51283.367
245.0,504062.06,50721.262,51013.782999999996,50611.07,50721.262,50350.93,50742.524000000005,52776.691999999995,46933.193,48058.033,52133.311
246.0,502873.004,50980.998999999996,50954.638000000006,50653.198000000004,50980.998999999996,50260.458999999995,50728.119999999995,53081.139,46055.996999999996,48186.104999999996,50991.35
247.0,501721.61899999995,50714.354999999996,51182.374,50631.924,50714.354999999996,50516.792,50462.513999999996,52565.272,46239.832,47690.41,51003.791
248.0,503108.976,50715.278,51501.083999999995,50670.469,50715.278,50631.867,50878.981,52553.229999999996,46019.248,47712.629,51710.912000000004
249.0,502518.085,50576.3,51128.577,50668.71,50576.3,50559.151999999995,50566.234000000004,52553.229999999996,46110.358,48427.797,51351.427
250.0,502305.183,50913.545,51041.344000000005,50633.445,50913.545,50306.009000000005,50420.415,52745.286,46081.165,48176.031,51074.398
251.0,504000.122,50943.139,51104.028999999995,50925.208,50943.139,50765.023,50877.304000000004,53102.044,46165.149999999994,47812.645000000004,51362.441
252.0,503045.9540000001,50882.758,51115.74800000001,51193.401,50882.758,50686.407,50792.235,52792.492000000006,46190.256,47337.341,51172.558000000005
253.0,504456.193,51289.127,50972.299,51407.184,51289.127,50577.687,50613.798,52870.643000000004,46465.32,47885.036,51085.972
254.0,503461.931,51080.354,51221.434,50844.68,51080.354,50729.287,50733.274000000005,52538.998999999996,45950.024,47703.752,51579.773
255.0,504693.227,51250.135,51221.434,51024.592,51154.235,50768.504,51379.69300000001,52911.070999999996,46184.289,47352.875,51446.399
256.0,503684.5630000001,50987.437,50921.19,51095.329,50987.437,50891.195,51411.761,52911.070999999996,46232.027,47013.358,51233.758
257.0,503622.5369999999,51115.719,50952.649,50520.046,51115.719,50974.472,51095.734,53006.763,46670.997,46895.97,51274.468
258.0,503113.35599999997,50992.32,50889.465000000004,51033.633,51116.166,50819.126,50609.562,52624.451,46939.740999999995,46983.429000000004,51105.463
259.0,502375.43799999997,50943.713,50977.812999999995,50982.203,50943.713,50926.007,50906.958000000006,52353.189,46128.746999999996,46874.929000000004,51338.166
260.0,503157.983,51079.768000000004,50836.226,51125.329,50897.818999999996,50967.207,51058.629,52185.424,46833.609000000004,47000.083,51173.889
261.0,502571.781,50784.508,51316.828,51196.144,50784.508,50679.71,51394.033,52208.371999999996,46108.134,46864.168999999994,51235.375
262.0,502721.144,50784.508,50922.574,50528.901,50784.508,51072.099,51224.17,52657.97,46598.612,46699.925,51447.877
263.0,503112.90400000004,50967.396,50951.286,50732.863000000005,50772.350000000006,50897.241,50983.808000000005,52671.468,46620.209,47123.527,51392.756
264.0,502205.947,50622.149999999994,50835.374,50743.306,50622.149999999994,50320.788,51118.964,53032.598,46303.545,47229.342000000004,51377.73
265.0,503055.39300000004,50902.394,51123.886,50608.106,50902.394,50688.685,51592.642,52532.409,46385.367000000006,47076.717000000004,51242.793
266.0,503050.06299999997,50998.176999999996,51037.377,50974.128,50795.789,50499.663,51476.44300000001,52474.432,46520.829,47236.0,51037.225
267.0,502583.5669999999,50799.189,51076.996999999996,51091.72,50799.189,50593.477999999996,50991.546,52270.73,46730.767,47368.712,50861.238999999994
268.0,502439.212,50617.551,50853.674,51180.87100000001,50617.551,50643.225999999995,51046.31,52693.621,46653.463,47063.057,51069.888
269.0,504124.295,51237.46,50683.519,51199.375,51237.46,50824.443,50903.865000000005,52760.965,46811.982,47059.423,51405.803
270.0,503893.29299999995,50851.644,51023.714,51115.919,50851.644,50882.942,50945.541,52861.113000000005,46670.968,47264.392,51425.416
271.0,502235.50600000005,50772.387,50945.340000000004,50730.215000000004,50772.387,50891.368,50486.671,52802.911,46723.611,47001.45,51109.166000000005
272.0,503179.55600000004,50936.616,50968.266,50694.273,50936.616,50529.331999999995,50394.844,53022.191999999995,46790.928,47567.990000000005,51338.498999999996
273.0,503310.507,50990.873999999996,50821.229,50740.279,50990.873999999996,50815.92,50551.537000000004,53216.382000000005,46592.503000000004,47186.886,51404.023
274.0,502610.315,50747.602,50662.934,50786.034,50939.093,50721.856,50634.619,52759.827000000005,46382.902,47604.547,51370.901000000005
275.0,503338.712,50979.65700000001,50747.407,50769.878,50979.65700000001,50761.161,51002.892,52775.816,46638.863,47608.896,51074.485
276.0,501099.00100000005,50986.591,50521.693,50587.867000000006,50986.591,50758.962,50771.427,52940.566,45941.941999999995,46751.613,50851.748999999996
277.0,502525.55600000004,50703.899999999994,50786.256,50731.630000000005,51140.064000000006,50749.36,50828.228,52595.441,46601.427,47206.200000000004,51183.05
278.0,503651.136,51094.611,50985.976,51206.06,51094.611,50847.546,50998.28200000001,52747.903,46679.794,47108.373,50887.979999999996
279.0,502280.92400000006,51026.474,50599.915,50756.736,51029.26,50473.635,50834.862,52910.674,47127.606999999996,46681.43,50840.331
280.0,502991.318,50851.559,50960.018,50862.189999999995,50851.559,50375.504,50837.092,53159.746,46841.949,47078.331,51173.369999999995
281.0,503434.01,51072.051999999996,51148.950999999994,50745.202,51072.051999999996,50476.353,50720.239,53022.548,47027.481999999996,46651.482,51497.649000000005
282.0,502379.062,51212.105,50942.918,50460.625,51132.52,50442.172999999995,50842.514,52922.907,46431.403000000006,46475.132000000005,51516.765
283.0,504545.52999999997,51163.663,50942.918,50685.014,51163.663,50583.589,51205.981,52632.422,47464.719000000005,47318.481,51385.08
284.0,502365.582,51336.418000000005,50569.031,50872.016,51108.407999999996,50306.034,50899.159,52515.155,46615.946,47088.84299999999,51054.572
285.0,503506.29099999997,51323.04,50719.629,50836.537,51323.04,50541.756,50684.337,52644.022999999994,47210.609,46921.671,51301.649
286.0,503428.8139999999,51353.468,50590.477999999996,51096.693999999996,51177.831,50117.204,50824.551,52248.013,47089.268,47539.195999999996,51392.111
287.0,503523.38800000004,51232.840000000004,50849.873999999996,50952.894,51232.840000000004,50071.944,51053.833,52543.923,47381.434,47350.595,50853.211
288.0,503301.61500000005,51389.338,50546.113,50658.002,51389.338,50158.878000000004,50481.751000000004,52484.835,47208.922999999995,47468.291,51516.146
289.0,502436.707,51072.973,50740.054000000004,50656.239,51150.47,50158.878000000004,50776.341,52363.939,47262.464,47227.897,51027.452
290.0,501890.39800000004,51153.464,50994.432,50747.86,51153.464,50312.666999999994,50604.705,52480.894,46762.425,47125.424,50555.062999999995
291.0,502751.656,51289.375,50979.765,50872.255000000005,51289.375,50239.536,50727.393,52578.676,46851.206,47378.934,50545.141
292.0,501403.599,50827.602,50726.833,50911.384,50827.602,50387.403999999995,50639.563,52661.664000000004,46933.217,46966.982,50521.348000000005
293.0,502716.038,51321.779,51065.021,50819.545,51321.779,50357.959,50362.197,52543.385,46719.316999999995,47554.888,50650.168
294.0,503739.71499999997,51326.636999999995,51116.832,51036.485,51326.636999999995,50423.22,49941.879,52733.840000000004,46948.84,47431.946,51453.399
295.0,503925.381,51497.21799999999,50979.072,50922.705,51497.21799999999,50286.409,50525.509999999995,52665.344,46494.848,47912.835999999996,51144.221000000005
296.0,504641.60400000005,51547.778999999995,51162.289000000004,51346.898,51547.778999999995,50424.259999999995,50712.361000000004,52448.986,46592.025,47610.463,51248.764
297.0,504415.261,50944.743,50958.052,50878.393000000004,51206.288,50387.18,50557.571,52883.345,47614.485,47626.028,51359.176
298.0,504782.202,51354.09,51026.837999999996,50936.635,51142.282999999996,50635.052,50427.397999999994,52698.524999999994,48057.246999999996,47123.772000000004,51380.362
299.0,504438.368,51495.027,50972.512,51052.907,51468.661,50183.756,50592.078,52698.524999999994,47874.159,47370.115,50730.628000000004
300.0,504064.101,51110.694,50881.664000000004,51083.731999999996,51427.577,50447.181,50737.532,52718.466,46916.979,47491.721,51248.555
301.0,504503.7300000001,51522.182,50748.55,50911.674,51536.437,50315.165,50476.407,52749.994,47157.318,48011.553,51074.45
302.0,502943.43700000003,51037.509,50782.487,50695.059,51187.301,50523.316999999995,50260.803,52748.466,47905.639,46923.861000000004,50878.995
303.0,503243.85299999994,50967.764,51054.262,50516.996,50967.764,50660.568,50592.31,52503.511000000006,47511.158,47478.698000000004,50990.822
304.0,503212.075,51015.737,50985.572,50701.979999999996,51015.737,50749.859000000004,50497.532999999996,52223.123,47404.074,47214.645,51403.815
305.0,503635.784,51171.961,50888.842,50864.676,51171.961,50783.685,50430.782,52379.61,47341.354,47348.526,51254.387
306.0,505256.784,51381.217,51284.472,50760.403,51381.217,50477.737,50815.775,52863.568,47538.799,47205.475999999995,51548.119999999995
307.0,505170.1400000001,51579.191999999995,50805.648,51029.358,51579.191999999995,50327.097,50606.453,52666.476,47654.394,47381.881,51540.449
308.0,505856.894,51325.39,50965.069,51085.712999999996,51325.39,50262.494,50570.324,52794.815,47889.282999999996,47911.117,51727.299
309.0,505974.10699999996,51537.225,51199.086,50688.68,51537.225,50544.409,50395.429,53093.708,47890.676,47833.329,51254.34
310.0,505958.36799999996,51434.131,51385.334,50700.337,51434.131,50693.096,50779.24,52694.892,47563.643,48069.850000000006,51203.714
311.0,504556.355,51227.252,50832.814,50966.445999999996,51227.252,50736.973999999995,51115.965000000004,52915.668,47358.288,47393.116,50782.58
312.0,506186.34700000007,51209.771,51595.315,51098.861999999994,51084.636000000006,50663.106999999996,50684.498,52527.509000000005,47954.363,47896.303,51471.983
313.0,504616.412,51111.115,51033.417,51308.960999999996,50928.018000000004,50721.318,50631.462999999996,52950.126,47620.591,46976.102,51335.301
314.0,505247.50800000003,51075.321,51173.43,51058.344,51000.659,50877.335,50570.094,53240.129,47430.636999999995,47313.721,51507.837999999996
315.0,503984.142,51165.386,50905.806,50914.557,51165.386,50822.625,50657.333999999995,52810.192,47228.015,46854.891,51459.95
316.0,505289.335,51327.468,51494.095,50972.36,51177.345,50429.282,51254.8,52508.882999999994,47698.807,47289.332,51136.963
317.0,504186.426,51104.276,51007.23,50945.225999999995,51104.276,50952.984000000004,50920.138,52508.882999999994,47431.476,47002.037000000004,51209.899999999994
318.0,504628.40799999994,51257.553,50993.246999999996,50495.045,51257.553,50518.382000000005,51261.896,52508.882999999994,47714.555,47000.048,51621.246
319.0,504672.45600000006,51220.777,51255.239,50941.889,51220.777,50520.187999999995,51092.857,52505.231999999996,47427.765,47054.471,51433.261
320.0,504507.392,51362.785,50758.670000000006,50949.345,51362.785,50959.6,50628.808,52180.771,47574.272,47200.654,51529.702
321.0,504506.3059999999,51426.149000000005,51161.459,50772.812000000005,51426.149000000005,50566.68,50870.719000000005,52108.587999999996,47201.746999999996,47220.719000000005,51751.284
322.0,504690.1439999999,50976.081999999995,50881.814,50924.217,51362.418,50877.478,51443.723,52084.288,47424.679,47584.871999999996,51130.573
323.0,504154.166,51259.382000000005,51350.94,51021.189999999995,51283.248,50475.98,51182.079000000005,51919.854999999996,47501.373999999996,47014.527,51145.591
324.0,504690.096,51259.564,50894.076,51237.831999999995,51259.564,50652.528,50863.166,52011.097,47971.924,47649.679,50890.666000000005
325.0,503559.51,50923.783,50920.498,50937.059,50923.783,50455.299,50824.926,51683.318999999996,48060.425,47231.776000000005,51598.642
326.0,503460.975,51010.003,51353.928,50838.914000000004,51010.003,50496.704,50919.399,52236.817,47397.316,47126.473,51071.418
327.0,503538.04099999997,50918.043,51322.64,50962.904,51036.18,50140.962999999996,50901.991,52226.767,47936.685,47146.977,50944.890999999996
328.0,504932.79000000004,51434.102000000006,51057.97900000001,51013.088,51434.102000000006,50203.64,50821.467,52366.987,47648.42,47615.701,51337.304000000004
329.0,503814.738,50786.617,51023.55699999999,50716.809,51137.853,50159.697,51157.263,52255.740000000005,48232.486000000004,47502.734,50841.982
330.0,504557.33199999994,51071.784,51341.175,50882.973,51145.597,50455.988,50965.935000000005,52496.932,48043.484,47656.945999999996,50496.518000000004
331.0,504380.76300000004,51461.198000000004,51235.774,50796.532999999996,51461.198000000004,50251.089,51000.523,52328.678,47764.719,47333.233,50747.818
332.0,504568.69299999997,51409.700000000004,51082.676,50842.809,51502.921,50484.549999999996,51187.626000000004,52081.462,48419.772000000004,46599.652,50957.524999999994
333.0,503781.2579999999,51140.288,51196.922,50985.549,51140.288,50417.536,51398.492,52166.263,47774.602999999996,47157.888,50403.429000000004
334.0,502630.5179999999,50697.049999999996,51222.462,50797.5,50697.049999999996,50509.077,50763.665,52193.765999999996,47887.903,47236.001000000004,50626.044
335.0,502805.189,50671.424,51063.008,50899.630000000005,50790.393000000004,50240.714,51038.407999999996,52150.647999999994,47530.883,47464.037,50956.044
336.0,504829.23399999994,51529.432,51165.161,50892.947,51529.432,49947.69,51048.703,52275.289000000004,48122.723,47417.00199999999,50900.855
337.0,504765.01800000004,51249.172,50971.371,51098.643000000004,51265.729999999996,50386.127,50736.664,52344.989,48481.721,47450.002,50780.599
338.0,503293.799,51096.328,51320.774,51039.097,51096.328,50020.924,51001.632,52118.043,47988.016,46983.344000000005,50629.313
339.0,505311.494,51244.393000000004,51077.215000000004,51069.681000000004,51244.393000000004,50734.164,50977.493,52157.638,48300.749,47286.44,51219.327999999994
340.0,503734.416,51126.943,51189.091,50907.195999999996,51126.943,50339.427,51095.491,52254.899000000005,47992.209,46928.409,50773.808000000005
341.0,503309.149,50943.416,50947.804,50795.168,50943.416,50272.635,50987.545,52425.907,47924.738,47121.084,50947.436
342.0,503224.586,50751.682,51054.778,50649.241,50751.682,50231.187,50852.967,52207.797999999995,48530.758,47343.763000000006,50850.729999999996
343.0,504440.02099999995,51124.673,50667.248999999996,50771.5,51124.673,50301.646,51278.903,52560.141,48069.187999999995,47335.367,51206.681000000004
344.0,505861.273,51394.096,51079.162,50928.576,51394.096,50691.011000000006,51121.902,52599.962,48350.375,47262.38,51039.712999999996
345.0,505771.76700000005,50976.398,51247.902,50778.008,50976.398,50780.361,51095.932,52885.308000000005,48677.785,47326.238,51027.437
346.0,503950.47,50892.766,50929.675,50500.956000000006,51366.979999999996,50508.781,50893.658,52419.364,48093.937,47111.781,51232.572
347.0,503978.544,50945.97,50706.986,50668.735,50945.97,50367.896,50752.812,52169.021,48813.920000000006,47558.346,51048.888
348.0,502999.39699999994,50456.14,50935.532,50731.265999999996,50456.14,50533.296,50923.561,52179.80699999999,48813.920000000006,46814.755,51154.98
349.0,504007.07399999996,50790.125,50979.923,50704.797,50790.125,50553.903,50973.113,52500.341,48302.594999999994,47439.282,50972.87
350.0,503528.65300000005,50867.693,50940.240000000005,50656.733,50867.693,50122.367,51123.866,52587.724,48214.856,47588.315,50559.166
351.0,503589.002,51266.327,50927.513,50846.527,50696.238,50064.112,50708.89,52913.024999999994,48489.511999999995,46935.78999999999,50741.068
352.0,503342.837,51117.842000000004,50781.9,50768.490999999995,51144.46,49983.522,50722.191,52913.024999999994,48586.767,46543.57,50781.069
353.0,504325.476,50908.374,50991.194,50918.44300000001,50872.371,50513.976,51053.202,52664.879,48678.077000000005,46987.512,50737.448000000004
354.0,504517.55000000005,50866.028,51188.135,50494.100000000006,50866.028,50517.865999999995,51044.036,52664.879,48731.884999999995,47325.407,50819.186
355.0,504793.626,50615.946,51390.666000000005,50443.08,51134.282,50284.166,51337.648,52696.577,48623.494999999995,46998.06800000001,51269.698
356.0,504157.2160000001,50522.248,50913.995,50888.278,50641.347,50405.955,51304.21,52707.523,48691.989,46882.465000000004,51199.206
357.0,504778.99199999997,50798.496999999996,51243.502,50832.837,50965.975,50521.952,51360.337,52666.346,48659.849,46677.033,51052.664
358.0,505021.57,50931.239,50946.015,50875.629,50950.234000000004,50322.075,51037.337,52732.118,49382.199,46842.979,51001.745
359.0,506229.667,51310.236000000004,51290.014,50783.340000000004,51238.721,50212.116,51605.255,52418.939,48754.39,47345.663,51270.992999999995
