Date,Speed,Altitude,Pressure,X,Y,Z,G,Latitude,Longitude,Heading,Magnetic Field,Sound Level,Luminance,Heart Rate
"2022-10-29 11:00:03.636",0.000000,20.582688,1030.643082,-0.094818,-0.088043,-1.019974,1.028148,40.476319,-74.572622,114.394051,50.199206,53.612736,0.113101,HRDATA
"2022-10-29 11:00:03.736",0.000000,20.582688,1030.643082,-0.106506,-0.090012,-0.984268,0.994097,40.476319,-74.572622,114.394051,50.199206,51.464703,0.111585,HRDATA
"2022-10-29 11:00:03.837",0.000000,20.582688,1030.643082,-0.089859,-0.106552,-0.967834,0.977820,40.476319,-74.572622,114.394051,50.199206,49.699310,0.111033,HRDATA
"2022-10-29 11:00:03.937",0.000000,20.582688,1030.643082,-0.089706,-0.102615,-0.986115,0.995489,40.476319,-74.572622,114.394051,50.199206,54.441769,0.109535,HRDATA
"2022-10-29 11:00:04.036",0.000000,20.582688,1030.643082,-0.137512,-0.071381,-1.011902,1.023694,40.476319,-74.572622,114.394051,50.199206,52.649918,0.107518,HRDATA
"2022-10-29 11:00:04.135",0.000000,20.582688,1030.643082,-0.138565,-0.093369,-1.045410,1.058679,40.476319,-74.572622,114.394051,50.199206,49.914509,0.107865,HRDATA
"2022-10-29 11:00:04.237",0.000000,20.582688,1030.643082,-0.104187,-0.148788,-1.021774,1.037794,40.476319,-74.572622,113.391556,50.430418,50.435081,0.109634,HRDATA
"2022-10-29 11:00:04.337",0.000000,20.582688,1030.643082,-0.116913,-0.142212,-0.963028,0.980467,40.476319,-74.572622,113.391556,50.430418,47.592632,0.111217,HRDATA
"2022-10-29 11:00:04.436",0.000000,20.582688,1030.643082,-0.124832,-0.121979,-0.980133,0.995551,40.476319,-74.572622,113.391556,50.430418,52.412228,0.108186,HRDATA
"2022-10-29 11:00:04.536",0.000000,20.582688,1030.643082,-0.154434,-0.119186,-0.977509,0.996784,40.476319,-74.572622,112.332138,50.571417,52.960289,0.105595,HRDATA
"2022-10-29 11:00:04.636",0.000000,20.582688,1030.643082,-0.193115,-0.140533,-0.985138,1.013676,40.476319,-74.572622,112.332138,50.571417,53.644272,0.100077,HRDATA
"2022-10-29 11:00:04.737",0.000000,20.582688,1030.643082,-0.200043,-0.165833,-1.056381,1.087869,40.476319,-74.572622,112.332138,50.571417,51.506416,0.103466,HRDATA
"2022-10-29 11:00:04.837",0.000000,20.582688,1030.643082,-0.167496,-0.065308,-1.025848,1.041482,40.476319,-74.572622,112.332138,50.571417,55.447128,0.105959,HRDATA
"2022-10-29 11:00:04.937",0.000000,20.582688,1030.643082,0.015335,-0.049667,-0.981003,0.982379,40.476319,-74.572622,112.332138,50.571417,52.958511,0.125208,HRDATA
"2022-10-29 11:00:05.036",0.000000,20.582688,1030.643082,0.009674,-0.031784,-0.990631,0.991188,40.476319,-74.572622,112.332138,50.571417,50.570278,0.138143,HRDATA
"2022-10-29 11:00:05.136",0.000000,20.582688,1030.643082,-0.031754,-0.147583,-0.759720,0.774573,40.476319,-74.572622,112.332138,50.571417,53.596401,0.147124,HRDATA
"2022-10-29 11:00:05.237",0.000000,20.582688,1030.643082,-0.026642,-0.042786,-1.085617,1.086786,40.476319,-74.572622,112.332138,50.571417,53.008663,0.145611,HRDATA
"2022-10-29 11:00:05.337",0.000000,20.582688,1030.643082,0.031906,-0.091263,-0.890259,0.895493,40.476319,-74.572622,112.332138,50.571417,50.439186,0.136661,HRDATA
"2022-10-29 11:00:05.437",0.000000,20.582688,1030.643082,-0.074738,-0.201324,-0.915192,0.940049,40.476319,-74.572622,112.332138,50.571417,49.807140,0.128778,HRDATA
"2022-10-29 11:00:05.535",0.000000,20.582688,1030.645905,-0.196243,-0.259140,-1.253372,1.294839,40.476319,-74.572622,109.885979,50.342344,49.037598,0.129898,HRDATA
"2022-10-29 11:00:05.637",0.000000,20.582688,1030.645905,-0.171768,-0.294281,-1.183044,1.231138,40.476319,-74.572622,108.760506,50.433165,51.223915,0.144909,HRDATA
"2022-10-29 11:00:05.737",0.000000,20.582688,1030.645905,-0.238434,-0.088760,-1.071732,1.101516,40.476319,-74.572622,105.947403,50.472050,54.149567,0.145594,HRDATA
"2022-10-29 11:00:05.837",0.000000,20.582688,1030.645905,-0.176666,-0.126114,-0.793381,0.822538,40.476319,-74.572622,104.827438,50.497567,52.650574,0.129229,HRDATA
"2022-10-29 11:00:05.937",0.000000,20.582688,1030.645905,-0.203751,-0.137177,-0.889511,0.922801,40.476319,-74.572622,103.770309,50.398756,49.421368,0.122640,HRDATA
"2022-10-29 11:00:06.035",0.000000,20.582688,1030.645905,-0.208038,-0.158508,-0.866257,0.904879,40.476319,-74.572622,103.770309,50.398756,62.897556,0.119480,HRDATA
"2022-10-29 11:00:06.136",0.000000,19.872625,1030.645905,-0.268219,-0.157944,-0.899872,0.952185,40.476323,-74.572620,103.770309,50.398756,59.161320,0.111493,HRDATA
"2022-10-29 11:00:06.237",0.000000,19.872625,1030.645905,-0.288330,-0.181213,-0.933136,0.993335,40.476323,-74.572620,103.770309,50.398756,54.862221,0.102436,HRDATA
"2022-10-29 11:00:06.337",0.000000,19.872625,1030.645905,-0.305496,-0.206589,-0.983688,1.050547,40.476323,-74.572620,104.782860,50.361352,53.632271,0.105428,HRDATA
"2022-10-29 11:00:06.437",0.000000,19.872625,1030.645905,-0.261459,-0.189407,-1.006516,1.057029,40.476323,-74.572620,107.254974,50.270629,51.005890,0.118656,HRDATA
"2022-10-29 11:00:06.536",0.000000,19.872625,1030.646667,-0.030945,-0.094772,-0.994659,0.999643,40.476323,-74.572620,108.679382,50.240801,48.682514,0.104075,HRDATA
"2022-10-29 11:00:06.636",0.000000,19.872625,1030.646667,-0.034851,-0.189667,-1.103714,1.120434,40.476323,-74.572620,111.061195,50.324192,45.667561,0.132728,HRDATA
"2022-10-29 11:00:06.737",0.000000,19.872625,1030.646667,-0.100876,-0.185394,-1.008911,1.030751,40.476323,-74.572620,112.293480,50.401384,45.917183,0.175994,HRDATA
"2022-10-29 11:00:06.837",0.000000,19.872625,1030.646667,-0.104156,-0.219040,-0.905182,0.937113,40.476323,-74.572620,113.318871,50.367267,43.867565,0.181805,HRDATA
"2022-10-29 11:00:06.937",0.000000,19.872625,1030.646667,-0.166382,-0.219101,-0.965256,1.003697,40.476323,-74.572620,113.318871,50.367267,45.308319,0.172011,HRDATA
"2022-10-29 11:00:07.036",0.000000,19.872625,1030.646667,-0.206985,-0.162247,-1.028564,1.061655,40.476323,-74.572620,113.318871,50.367267,47.870697,0.147901,HRDATA
"2022-10-29 11:00:07.136",0.000000,20.208339,1030.646667,-0.228775,-0.094360,-0.990921,1.021355,40.476324,-74.572617,113.318871,50.367267,49.379047,0.069367,HRDATA
"2022-10-29 11:00:07.237",0.000000,20.208339,1030.646667,-0.030090,-0.084259,-1.057281,1.061060,40.476324,-74.572617,112.277405,50.434202,49.174614,0.036830,HRDATA
"2022-10-29 11:00:07.337",0.000000,20.208339,1030.646667,0.017776,-0.090027,-1.002625,1.006815,40.476324,-74.572617,111.148445,50.507534,48.163830,0.103901,HRDATA
"2022-10-29 11:00:07.436",0.000000,20.208339,1030.646667,-0.038284,-0.084793,-0.956253,0.960768,40.476324,-74.572617,111.148445,50.507534,51.608936,0.137281,HRDATA
"2022-10-29 11:00:07.536",0.000000,20.208339,1030.646667,-0.120682,-0.072662,-0.957748,0.968053,40.476324,-74.572617,110.068207,50.520108,49.551067,0.151961,HRDATA
"2022-10-29 11:00:07.635",0.000000,20.208339,1030.646667,-0.115097,-0.105728,-1.035172,1.046903,40.476324,-74.572617,110.068207,50.520108,51.262867,0.147423,HRDATA
"2022-10-29 11:00:07.737",0.000000,20.208339,1030.646667,-0.131317,-0.109772,-1.117325,1.130358,40.476324,-74.572617,110.068207,50.520108,51.066174,0.146491,HRDATA
"2022-10-29 11:00:07.837",0.000000,20.208339,1030.646667,-0.070068,-0.086746,-1.173615,1.178900,40.476324,-74.572617,110.068207,50.520108,50.973339,0.146428,HRDATA
"2022-10-29 11:00:07.937",0.000000,20.208339,1030.646667,0.066818,0.002274,-0.935165,0.937552,40.476324,-74.572617,110.068207,50.520108,51.178043,0.146211,HRDATA
"2022-10-29 11:00:08.036",0.000000,20.208339,1030.646667,-0.077484,-0.040512,-0.976471,0.980378,40.476324,-74.572617,110.068207,50.520108,48.688198,0.153029,HRDATA
"2022-10-29 11:00:08.135",0.000000,20.053632,1030.646667,-0.080093,-0.108871,-0.790192,0.801668,40.476316,-74.572614,110.068207,50.520108,46.908821,0.152085,HRDATA
"2022-10-29 11:00:08.237",0.000000,20.053632,1030.646667,-0.255356,-0.039703,-0.819138,0.858935,40.476316,-74.572614,110.068207,50.520108,47.870003,0.147378,HRDATA
"2022-10-29 11:00:08.337",0.000000,20.053632,1030.646667,-0.177597,-0.087296,-0.958313,0.978532,40.476316,-74.572614,110.068207,50.520108,48.239647,0.121530,HRDATA
"2022-10-29 11:00:08.437",0.000000,20.053632,1030.646667,-0.216721,-0.065063,-1.131485,1.153889,40.476316,-74.572614,110.068207,50.520108,56.995777,0.093402,HRDATA
"2022-10-29 11:00:08.536",0.000000,20.053632,1030.646667,-0.100204,-0.032242,-1.041901,1.047205,40.476316,-74.572614,110.068207,50.520108,53.297432,0.074053,HRDATA
"2022-10-29 11:00:08.635",0.000000,20.053632,1030.646667,0.067581,-0.074921,-1.005341,1.010391,40.476316,-74.572614,108.988480,50.816398,51.171124,0.094441,HRDATA
"2022-10-29 11:00:08.737",0.000000,20.053632,1030.644379,-0.080093,0.007431,-1.062210,1.065251,40.476316,-74.572614,108.988480,50.816398,48.520683,0.106990,HRDATA
"2022-10-29 11:00:08.837",0.000000,20.053632,1030.644379,-0.109314,-0.041229,-0.908234,0.915717,40.476316,-74.572614,107.849159,50.444253,46.992283,0.117002,HRDATA
"2022-10-29 11:00:08.936",0.000000,20.053632,1030.644379,-0.161926,-0.029846,-0.903946,0.918819,40.476316,-74.572614,107.849159,50.444253,52.503716,0.121312,HRDATA
"2022-10-29 11:00:09.036",0.000000,20.053632,1030.644379,-0.159409,-0.074112,-0.991898,1.007355,40.476316,-74.572614,107.849159,50.444253,53.894741,0.129337,HRDATA
"2022-10-29 11:00:09.136",0.000000,19.803122,1030.644379,-0.156937,-0.059113,-1.130234,1.142607,40.476312,-74.572609,107.849159,50.444253,52.861141,0.123699,HRDATA
"2022-10-29 11:00:09.237",0.000000,19.803122,1030.644379,-0.047440,-0.084976,-1.064117,1.068559,40.476312,-74.572609,107.849159,50.444253,52.601654,0.119781,HRDATA
"2022-10-29 11:00:09.337",0.000000,19.803122,1030.644379,-0.045868,0.053421,-0.992935,0.995429,40.476312,-74.572609,107.849159,50.444253,50.564568,0.110850,HRDATA
"2022-10-29 11:00:09.436",0.000000,19.803122,1030.644379,-0.027420,-0.040985,-0.922104,0.923421,40.476312,-74.572609,107.849159,50.444253,50.419243,0.112156,HRDATA
"2022-10-29 11:00:09.536",0.000000,19.803122,1030.644379,-0.149414,-0.036316,-0.854645,0.868367,40.476312,-74.572609,107.849159,50.444253,52.025249,0.106229,HRDATA
"2022-10-29 11:00:09.636",0.000000,19.803122,1030.644379,-0.164627,-0.082672,-0.854187,0.873826,40.476312,-74.572609,107.849159,50.444253,49.710220,0.088867,HRDATA
"2022-10-29 11:00:09.736",0.000000,19.803122,1030.644379,-0.186188,-0.068695,-0.982101,1.001952,40.476312,-74.572609,107.849159,50.444253,47.339333,0.074704,HRDATA
"2022-10-29 11:00:09.837",0.000000,19.803122,1030.644379,-0.138458,-0.075714,-1.143631,1.154467,40.476312,-74.572609,107.849159,50.444253,48.695358,0.074968,HRDATA
"2022-10-29 11:00:09.937",0.000000,19.803122,1030.644379,-0.054855,0.026047,-1.106247,1.107912,40.476312,-74.572609,107.849159,50.444253,49.282322,0.071273,HRDATA
"2022-10-29 11:00:10.036",0.000000,19.803122,1030.644379,-0.002350,-0.102890,-0.999893,1.005176,40.476312,-74.572609,107.849159,50.444253,47.066734,0.088929,HRDATA
"2022-10-29 11:00:10.134",0.000000,19.770979,1030.644379,0.038055,-0.005402,-1.058990,1.059688,40.476310,-74.572604,106.707382,50.632607,43.238369,0.092688,HRDATA
"2022-10-29 11:00:10.237",0.000000,19.770979,1030.644379,-0.113235,0.016953,-0.845795,0.853509,40.476310,-74.572604,105.471519,50.514940,44.789085,0.095930,HRDATA
"2022-10-29 11:00:10.339",0.000000,19.770979,1030.644379,-0.099426,-0.034149,-0.832977,0.839585,40.476310,-74.572604,104.423378,50.709186,46.930794,0.117276,HRDATA
"2022-10-29 11:00:10.437",0.000000,19.770979,1030.644379,-0.156448,-0.090179,-0.963043,0.979827,40.476310,-74.572604,104.423378,50.709186,45.086235,0.135111,HRDATA
"2022-10-29 11:00:10.535",0.000000,19.770979,1030.644379,-0.134598,-0.081497,-1.202682,1.212932,40.476310,-74.572604,104.423378,50.709186,42.686115,0.143874,HRDATA
"2022-10-29 11:00:10.636",0.000000,19.770979,1030.644379,0.021286,-0.082870,-1.166000,1.169135,40.476310,-74.572604,105.448242,50.627928,45.425610,0.123049,HRDATA
"2022-10-29 11:00:10.736",0.000000,19.770979,1030.644379,0.028381,0.056549,-1.001846,1.003842,40.476310,-74.572604,105.448242,50.627928,48.323013,0.098121,HRDATA
"2022-10-29 11:00:10.838",0.000000,19.770979,1030.645447,-0.046860,-0.010757,-0.950089,0.951304,40.476310,-74.572604,105.448242,50.627928,45.598122,0.087214,HRDATA
"2022-10-29 11:00:10.936",0.000000,19.770979,1030.645447,-0.134949,0.036423,-0.836761,0.848356,40.476310,-74.572604,105.448242,50.627928,44.156929,0.098783,HRDATA
"2022-10-29 11:00:11.036",0.000000,19.770979,1030.645447,-0.097260,-0.008286,-0.918640,0.923812,40.476310,-74.572604,106.460419,50.416682,44.000347,0.109380,HRDATA
"2022-10-29 11:00:11.136",0.000000,19.859090,1030.645447,-0.098892,-0.069351,-1.043488,1.050455,40.476306,-74.572599,107.574173,50.435834,50.975922,0.099802,HRDATA
"2022-10-29 11:00:11.237",0.000000,19.859090,1030.645447,-0.108002,-0.157288,-1.119064,1.135213,40.476306,-74.572599,108.683517,50.455206,48.637409,0.086515,HRDATA
"2022-10-29 11:00:11.337",0.000000,19.859090,1030.645447,0.004227,-0.039688,-1.088120,1.088851,40.476306,-74.572599,108.683517,50.455206,47.665489,0.086198,HRDATA
"2022-10-29 11:00:11.436",0.000000,19.859090,1030.645447,-0.039856,-0.067978,-0.973862,0.977045,40.476306,-74.572599,109.765694,50.264062,47.184448,0.085410,HRDATA
"2022-10-29 11:00:11.535",0.000000,19.859090,1030.645447,-0.035965,-0.029205,-0.998657,0.999731,40.476306,-74.572599,109.765694,50.264062,45.153702,0.083661,HRDATA
"2022-10-29 11:00:11.637",0.000000,19.859090,1030.645447,-0.009781,-0.140335,-0.842926,0.854584,40.476306,-74.572599,110.811012,50.517152,47.128853,0.083635,HRDATA
"2022-10-29 11:00:11.736",0.000000,19.859090,1030.645447,-0.147064,-0.117783,-0.872513,0.892625,40.476306,-74.572599,111.854424,50.641705,47.310024,0.089533,HRDATA
"2022-10-29 11:00:11.837",0.000000,19.859090,1030.645447,-0.087219,-0.203079,-0.927200,0.953178,40.476306,-74.572599,112.983009,50.545429,51.297920,0.099083,HRDATA
"2022-10-29 11:00:11.936",0.000000,19.859090,1030.645828,-0.119751,-0.126694,-1.040726,1.055226,40.476306,-74.572599,112.983009,50.545429,49.802933,0.113036,HRDATA
"2022-10-29 11:00:12.035",0.000000,19.859090,1030.645828,-0.113327,-0.112701,-1.086975,1.098663,40.476306,-74.572599,114.012413,50.550961,49.014179,0.124528,HRDATA
"2022-10-29 11:00:12.136",0.000000,19.771641,1030.645828,0.009766,-0.064316,-0.957291,0.959498,40.476301,-74.572594,115.084587,50.616696,48.767155,0.117610,HRDATA
"2022-10-29 11:00:12.236",0.000000,19.771641,1030.645828,-0.113846,-0.028870,-1.050980,1.057522,40.476301,-74.572594,115.084587,50.616696,50.844593,0.132794,HRDATA
"2022-10-29 11:00:12.337",0.000000,19.771641,1030.645828,-0.032898,-0.062088,-0.843979,0.846899,40.476301,-74.572594,115.084587,50.616696,47.225601,0.135559,HRDATA
"2022-10-29 11:00:12.435",0.000000,19.771641,1030.645828,-0.252762,-0.039108,-0.876923,0.913461,40.476301,-74.572594,115.084587,50.616696,44.956760,0.122623,HRDATA
"2022-10-29 11:00:12.535",0.000000,19.771641,1030.645828,-0.139252,-0.183609,-0.905258,0.934128,40.476301,-74.572594,115.084587,50.616696,44.794292,0.119327,HRDATA
"2022-10-29 11:00:12.636",0.000000,19.771641,1030.645828,-0.097504,-0.191513,-1.100708,1.121491,40.476301,-74.572594,115.084587,50.616696,53.657726,0.154471,HRDATA
"2022-10-29 11:00:12.736",0.000000,19.771641,1030.645828,-0.142654,-0.023972,-1.110687,1.120067,40.476301,-74.572594,115.084587,50.616696,50.733242,0.163412,HRDATA
"2022-10-29 11:00:12.839",0.000000,19.771641,1030.645828,0.036118,-0.028198,-1.069351,1.070332,40.476301,-74.572594,113.929878,50.395179,49.103832,0.138376,HRDATA
"2022-10-29 11:00:12.937",0.000000,19.771641,1030.645828,-0.143524,0.039398,-1.007263,1.018200,40.476301,-74.572594,111.827339,50.525561,48.747311,0.140029,HRDATA
"2022-10-29 11:00:13.036",0.000000,19.771641,1030.647507,-0.186157,0.050522,-0.858414,0.879819,40.476301,-74.572594,110.713348,50.338504,45.799541,0.138901,HRDATA
"2022-10-29 11:00:13.136",0.000000,19.869474,1030.647507,-0.184113,0.054382,-0.904236,0.924390,40.476296,-74.572589,110.713348,50.338504,45.662422,0.144028,HRDATA
"2022-10-29 11:00:13.236",0.000000,19.869474,1030.647507,-0.176559,-0.050766,-0.962891,0.980260,40.476296,-74.572589,110.713348,50.338504,47.808098,0.151128,HRDATA
"2022-10-29 11:00:13.337",0.000000,19.869474,1030.647507,-0.124619,-0.103745,-1.090805,1.102791,40.476296,-74.572589,110.713348,50.338504,45.822243,0.163775,HRDATA
"2022-10-29 11:00:13.436",0.000000,19.869474,1030.647507,-0.066299,0.011414,-0.979797,0.982104,40.476296,-74.572589,111.814659,50.445906,52.663780,0.164470,HRDATA
"2022-10-29 11:00:13.535",0.000000,19.869474,1030.647507,-0.075958,-0.015564,-0.905426,0.908740,40.476296,-74.572589,111.814659,50.445906,50.996101,0.147498,HRDATA
"2022-10-29 11:00:13.636",0.000000,19.869474,1030.647507,-0.178009,-0.027664,-0.910904,0.928546,40.476296,-74.572589,111.814659,50.445906,47.556431,0.113513,HRDATA
"2022-10-29 11:00:13.736",0.000000,19.869474,1030.647507,-0.195923,-0.101883,-0.870239,0.897821,40.476296,-74.572589,112.849800,50.294812,47.406502,0.084815,HRDATA
"2022-10-29 11:00:13.837",0.000000,19.869474,1030.647507,-0.155426,-0.144516,-1.018570,1.040446,40.476296,-74.572589,112.849800,50.294812,46.355682,0.102697,HRDATA
"2022-10-29 11:00:13.936",0.000000,19.869474,1030.647507,-0.038925,-0.232391,-1.128647,1.152981,40.476296,-74.572589,112.849800,50.294812,49.549660,0.116190,HRDATA
"2022-10-29 11:00:14.036",0.000000,19.869474,1030.648346,-0.063248,-0.048538,-1.051559,1.054577,40.476296,-74.572589,112.849800,50.294812,47.472694,0.122436,HRDATA
"2022-10-29 11:00:14.135",0.000000,19.818030,1030.648346,-0.051224,-0.122208,-0.954559,0.963713,40.476295,-74.572585,111.845055,50.076910,50.738316,0.069394,HRDATA
"2022-10-29 11:00:14.236",0.000000,19.818030,1030.648346,-0.132339,-0.017288,-0.965347,0.974530,40.476295,-74.572585,109.481400,50.337239,47.995628,0.053982,HRDATA
"2022-10-29 11:00:14.337",0.000000,19.818030,1030.648346,-0.207016,-0.033707,-0.767517,0.795660,40.476295,-74.572585,109.481400,50.337239,47.068092,0.039053,HRDATA
"2022-10-29 11:00:14.436",0.000000,19.818030,1030.648346,-0.146851,-0.072052,-0.833847,0.849740,40.476295,-74.572585,108.456703,50.158853,45.228390,0.065335,HRDATA
"2022-10-29 11:00:14.535",0.000000,19.818030,1030.648346,-0.163452,-0.145645,-1.033829,1.056755,40.476295,-74.572585,108.456703,50.158853,43.318039,0.126700,HRDATA
"2022-10-29 11:00:14.636",0.000000,19.818030,1030.648346,-0.170654,-0.144684,-1.162689,1.184020,40.476295,-74.572585,108.456703,50.158853,49.581924,0.168531,HRDATA
"2022-10-29 11:00:14.736",0.000000,19.818030,1030.648346,0.020813,-0.018829,-1.028046,1.028429,40.476295,-74.572585,108.456703,50.158853,50.197803,0.164747,HRDATA
"2022-10-29 11:00:14.836",0.000000,19.818030,1030.648346,-0.066589,-0.004471,-0.951172,0.953510,40.476295,-74.572585,108.456703,50.158853,46.945999,0.157464,HRDATA
"2022-10-29 11:00:14.936",0.000000,19.818030,1030.648346,-0.179031,-0.024384,-0.912399,0.930118,40.476295,-74.572585,108.456703,50.158853,47.439945,0.156810,HRDATA
"2022-10-29 11:00:15.035",0.000000,19.818030,1030.648346,-0.198578,-0.050247,-0.847946,0.872336,40.476295,-74.572585,108.456703,50.158853,45.709343,0.163460,HRDATA
"2022-10-29 11:00:15.134",0.000000,19.796895,1030.648346,-0.139114,-0.117340,-0.978287,0.995071,40.476288,-74.572581,108.456703,50.158853,51.097225,0.176878,HRDATA
"2022-10-29 11:00:15.236",0.000000,19.796895,1030.648346,0.015167,-0.246353,-1.109482,1.136605,40.476288,-74.572581,108.456703,50.158853,48.610939,0.160349,HRDATA
"2022-10-29 11:00:15.336",0.000000,19.796895,1030.648346,-0.051575,-0.077530,-1.216827,1.220385,40.476288,-74.572581,108.456703,50.158853,48.684540,0.134129,HRDATA
"2022-10-29 11:00:15.437",0.000000,19.796895,1030.648346,-0.009277,0.016556,-1.015930,1.016107,40.476288,-74.572581,108.456703,50.158853,46.650967,0.140628,HRDATA
"2022-10-29 11:00:15.535",0.000000,19.796895,1030.648346,-0.034790,-0.001038,-0.895157,0.895833,40.476288,-74.572581,107.295341,50.213023,51.554508,0.147664,HRDATA
"2022-10-29 11:00:15.636",0.000000,19.796895,1030.648346,-0.114334,-0.017365,-0.899170,0.906576,40.476288,-74.572581,106.147621,50.109967,51.249081,0.143006,HRDATA
"2022-10-29 11:00:15.735",0.000000,19.796895,1030.648346,-0.165817,-0.026169,-0.874924,0.890883,40.476288,-74.572581,105.120079,50.108421,48.720184,0.134009,HRDATA
"2022-10-29 11:00:15.839",0.000000,19.796895,1030.648346,-0.201767,-0.060760,-1.023087,1.044561,40.476288,-74.572581,105.120079,50.108421,51.916649,0.115026,HRDATA
"2022-10-29 11:00:15.937",0.000000,19.796895,1030.648346,-0.181183,-0.098083,-1.137955,1.156455,40.476288,-74.572581,105.120079,50.108421,50.193535,0.110525,HRDATA
"2022-10-29 11:00:16.036",0.000000,19.796895,1030.648346,0.011993,0.013443,-1.277130,1.277257,40.476288,-74.572581,106.161263,50.277513,49.535473,0.116975,HRDATA
"2022-10-29 11:00:16.135",0.000000,19.788100,1030.648346,0.109070,0.004990,-0.860855,0.867751,40.476282,-74.572575,106.161263,50.277513,52.197281,0.127052,HRDATA
"2022-10-29 11:00:16.237",0.000000,19.788100,1030.646896,-0.033936,-0.054764,-0.967987,0.970129,40.476282,-74.572575,106.161263,50.277513,49.096645,0.131620,HRDATA
"2022-10-29 11:00:16.338",0.000000,19.788100,1030.646896,-0.121750,-0.030182,-0.887131,0.895955,40.476282,-74.572575,106.161263,50.277513,46.755543,0.133433,HRDATA
"2022-10-29 11:00:16.435",0.000000,19.788100,1030.646896,-0.197083,-0.026672,-1.002304,1.021845,40.476282,-74.572575,107.206718,50.331896,45.936531,0.133908,HRDATA
"2022-10-29 11:00:16.536",0.000000,19.788100,1030.646896,-0.074814,-0.110153,-1.090454,1.098554,40.476282,-74.572575,107.206718,50.331896,43.768368,0.133508,HRDATA
"2022-10-29 11:00:16.636",0.000000,19.788100,1030.646896,-0.005463,-0.182755,-1.182968,1.197014,40.476282,-74.572575,108.214752,50.415985,48.035030,0.135754,HRDATA
"2022-10-29 11:00:16.736",0.000000,19.788100,1030.646896,0.109619,-0.050232,-1.033051,1.040064,40.476282,-74.572575,108.214752,50.415985,46.527996,0.133475,HRDATA
"2022-10-29 11:00:16.837",0.000000,19.788100,1030.646896,0.123764,-0.140839,-0.943634,0.962080,40.476282,-74.572575,108.214752,50.415985,50.427258,0.125984,HRDATA
"2022-10-29 11:00:16.936",0.000000,19.788100,1030.646896,-0.076828,-0.053955,-0.970444,0.974974,40.476282,-74.572575,108.214752,50.415985,53.358948,0.118201,HRDATA
"2022-10-29 11:00:17.035",0.000000,19.788100,1030.646896,-0.082581,-0.028442,-0.857422,0.861859,40.476282,-74.572575,107.177620,50.243778,50.870419,0.112313,HRDATA
"2022-10-29 11:00:17.136",0.000000,19.632364,1030.646896,-0.150330,-0.088303,-0.834457,0.852476,40.476276,-74.572571,107.177620,50.243778,54.162853,0.102918,HRDATA
"2022-10-29 11:00:17.236",0.000000,19.632364,1030.646896,-0.120316,-0.146088,-0.970749,0.989025,40.476276,-74.572571,107.177620,50.243778,53.624695,0.095170,HRDATA
"2022-10-29 11:00:17.335",0.000000,19.632364,1030.646210,-0.059937,-0.176590,-1.136063,1.151267,40.476276,-74.572571,108.288437,50.319239,52.427593,0.063266,HRDATA
"2022-10-29 11:00:17.436",0.000000,19.632364,1030.646210,0.108017,-0.100250,-1.033691,1.044144,40.476276,-74.572571,109.425972,50.140930,54.502357,0.059880,HRDATA
"2022-10-29 11:00:17.536",0.000000,19.632364,1030.646210,0.013199,0.034149,-0.929306,0.930027,40.476276,-74.572571,109.425972,50.140930,56.904846,0.077146,HRDATA
"2022-10-29 11:00:17.635",0.000000,19.632364,1030.646210,0.003494,-0.089294,-0.994370,0.998377,40.476276,-74.572571,109.425972,50.140930,55.943176,0.112057,HRDATA
"2022-10-29 11:00:17.737",0.000000,19.632364,1030.646210,-0.132278,-0.077454,-0.864395,0.877881,40.476276,-74.572571,109.425972,50.140930,56.738586,0.110911,HRDATA
"2022-10-29 11:00:17.837",0.000000,19.632364,1030.646210,-0.084763,-0.134384,-1.066086,1.077860,40.476276,-74.572571,110.489670,50.381970,54.790016,0.097205,HRDATA
"2022-10-29 11:00:17.936",0.000000,19.632364,1030.646210,-0.063553,-0.136780,-1.172104,1.181768,40.476276,-74.572571,110.489670,50.381970,53.016113,0.056273,HRDATA
"2022-10-29 11:00:18.036",0.000000,19.632364,1030.646210,0.079529,-0.087128,-1.034164,1.040871,40.476276,-74.572571,110.489670,50.381970,53.270306,0.057454,HRDATA
"2022-10-29 11:00:18.135",0.000000,19.565884,1030.646210,0.069916,-0.067337,-0.990662,0.995406,40.476272,-74.572567,110.489670,50.381970,51.556908,0.126302,HRDATA
"2022-10-29 11:00:18.236",0.000000,19.565884,1030.646210,0.083176,-0.080750,-0.976212,0.983071,40.476272,-74.572567,109.470734,50.508624,50.007908,0.145809,HRDATA
"2022-10-29 11:00:18.337",0.000000,19.565884,1030.646896,-0.085861,-0.018433,-0.969803,0.973771,40.476272,-74.572567,108.408226,50.185812,53.050163,0.161242,HRDATA
"2022-10-29 11:00:18.436",0.000000,19.565884,1030.646896,-0.009262,-0.075500,-0.910080,0.913253,40.476272,-74.572567,108.408226,50.185812,56.820000,0.164504,HRDATA
"2022-10-29 11:00:18.535",0.000000,19.565884,1030.646896,-0.180420,-0.069199,-0.967194,0.986308,40.476272,-74.572567,108.408226,50.185812,57.037930,0.165367,HRDATA
"2022-10-29 11:00:18.636",0.000000,19.565884,1030.646896,-0.180496,-0.108398,-1.130356,1.149797,40.476272,-74.572567,108.408226,50.185812,57.871689,0.163940,HRDATA
"2022-10-29 11:00:18.736",0.000000,19.565884,1030.646896,-0.079880,-0.141296,-1.058929,1.071297,40.476272,-74.572567,108.408226,50.185812,56.140209,0.159263,HRDATA
"2022-10-29 11:00:18.837",0.000000,19.565884,1030.646896,0.134338,0.001358,-1.039413,1.048060,40.476272,-74.572567,109.435593,50.007330,53.719818,0.152660,HRDATA
"2022-10-29 11:00:18.936",0.000000,19.565884,1030.646896,-0.070084,0.026062,-0.840866,0.844184,40.476272,-74.572567,109.435593,50.007330,57.548016,0.148192,HRDATA
"2022-10-29 11:00:19.036",0.000000,19.565884,1030.646896,-0.001633,-0.113968,-0.919998,0.927032,40.476272,-74.572567,110.477562,50.315528,55.084938,0.145908,HRDATA
"2022-10-29 11:00:19.136",0.000000,19.567392,1030.646896,-0.090271,-0.116959,-0.918900,0.930701,40.476265,-74.572563,110.477562,50.315528,57.618771,0.120669,HRDATA
"2022-10-29 11:00:19.236",0.000000,19.567392,1030.646896,-0.121719,-0.139664,-1.014923,1.031693,40.476265,-74.572563,110.477562,50.315528,58.447582,0.103055,HRDATA
"2022-10-29 11:00:19.336",0.000000,19.567392,1030.646896,-0.051529,-0.195511,-1.103470,1.121840,40.476265,-74.572563,110.477562,50.315528,56.396404,0.059552,HRDATA
"2022-10-29 11:00:19.436",0.000000,19.567392,1030.648422,0.155655,-0.128433,-1.047363,1.066627,40.476265,-74.572563,110.477562,50.315528,57.566570,0.034124,HRDATA
"2022-10-29 11:00:19.535",0.000000,19.567392,1030.648422,0.079254,-0.070770,-0.956619,0.962502,40.476265,-74.572563,108.213913,50.448809,57.473793,0.030436,HRDATA
"2022-10-29 11:00:19.637",0.000000,19.567392,1030.648422,0.028915,-0.003036,-1.019775,1.020190,40.476265,-74.572563,107.178856,50.407525,55.258118,0.055318,HRDATA
"2022-10-29 11:00:19.736",0.000000,19.567392,1030.648422,-0.123306,0.001755,-0.897903,0.906332,40.476265,-74.572563,105.949905,50.280450,58.385891,0.073442,HRDATA
"2022-10-29 11:00:19.837",0.000000,19.567392,1030.648422,-0.044891,-0.056870,-0.921310,0.924155,40.476265,-74.572563,105.949905,50.280450,56.264751,0.103584,HRDATA
"2022-10-29 11:00:19.936",0.000000,19.567392,1030.648422,-0.046768,-0.107285,-1.010529,1.017283,40.476265,-74.572563,105.949905,50.280450,53.247482,0.113787,HRDATA
"2022-10-29 11:00:20.035",0.000000,19.567392,1030.648422,-0.126495,-0.105621,-1.161545,1.173177,40.476265,-74.572563,105.949905,50.280450,52.893635,0.143975,HRDATA
"2022-10-29 11:00:20.136",0.000000,19.675088,1030.648422,-0.036209,-0.094849,-1.199188,1.203478,40.476263,-74.572560,105.949905,50.280450,53.584583,0.125380,HRDATA
"2022-10-29 11:00:20.236",0.000000,19.675088,1030.648422,0.128387,0.038879,-0.933426,0.943016,40.476263,-74.572560,105.949905,50.280450,51.397915,0.104468,HRDATA
"2022-10-29 11:00:20.337",0.000000,19.675088,1030.648422,-0.018829,-0.017975,-0.919540,0.919909,40.476263,-74.572560,105.949905,50.280450,50.012150,0.123751,HRDATA
"2022-10-29 11:00:20.436",0.000000,19.675088,1030.648422,-0.051346,-0.082794,-0.870117,0.875554,40.476263,-74.572560,105.949905,50.280450,51.557392,0.121363,HRDATA
"2022-10-29 11:00:20.536",0.000000,19.675088,1030.651093,-0.133575,-0.091919,-0.939667,0.953554,40.476263,-74.572560,105.949905,50.280450,52.171169,0.135479,HRDATA
"2022-10-29 11:00:20.636",0.000000,19.675088,1030.651093,-0.126114,-0.089706,-1.007034,1.018857,40.476263,-74.572560,104.929642,50.396607,50.240948,0.144561,HRDATA
"2022-10-29 11:00:20.736",0.000000,19.675088,1030.651093,-0.071899,-0.137848,-1.039856,1.051414,40.476263,-74.572560,104.929642,50.396607,48.387424,0.144525,HRDATA
"2022-10-29 11:00:20.837",0.000000,19.675088,1030.651093,0.109863,-0.111633,-1.054047,1.065620,40.476263,-74.572560,104.929642,50.396607,51.644733,0.141842,HRDATA
"2022-10-29 11:00:20.936",0.000000,19.675088,1030.651093,0.190735,-0.131592,-0.881485,0.911434,40.476263,-74.572560,103.857063,50.096537,51.392063,0.128609,HRDATA
"2022-10-29 11:00:21.035",0.000000,19.675088,1030.651093,-0.153061,0.028137,-0.913040,0.926208,40.476263,-74.572560,102.852165,49.847239,48.596355,0.129523,HRDATA
"2022-10-29 11:00:21.135",0.000000,19.778137,1030.651093,-0.108948,0.012177,-0.934494,0.940902,40.476256,-74.572556,101.831573,50.306379,46.802742,0.148010,HRDATA
"2022-10-29 11:00:21.236",0.000000,19.778137,1030.651093,-0.140579,-0.045776,-0.934799,0.946418,40.476256,-74.572556,101.831573,50.306379,48.267170,0.164004,HRDATA
"2022-10-29 11:00:21.336",0.000000,19.778137,1030.651093,-0.108963,-0.074615,-1.021301,1.029804,40.476256,-74.572556,101.831573,50.306379,52.966789,0.163483,HRDATA
"2022-10-29 11:00:21.436",0.000000,19.778137,1030.651093,-0.050430,-0.135986,-1.126480,1.135779,40.476256,-74.572556,103.006798,50.436451,49.952290,0.135984,HRDATA
"2022-10-29 11:00:21.535",0.000000,19.778137,1030.654449,0.102005,0.035080,-1.051620,1.057138,40.476256,-74.572556,103.006798,50.436451,51.300743,0.115443,HRDATA
"2022-10-29 11:00:21.636",0.000000,19.778137,1030.654449,-0.030457,0.011688,-0.881607,0.882210,40.476256,-74.572556,103.006798,50.436451,52.035408,0.144354,HRDATA
"2022-10-29 11:00:21.736",0.000000,19.778137,1030.654449,-0.040924,-0.078888,-0.895660,0.900059,40.476256,-74.572556,104.083870,50.272463,52.629978,0.154197,HRDATA
"2022-10-29 11:00:21.836",0.000000,19.778137,1030.654449,-0.113281,-0.103088,-0.915787,0.928507,40.476256,-74.572556,104.083870,50.272463,58.988144,0.143607,HRDATA
"2022-10-29 11:00:21.936",0.000000,19.778137,1030.654449,-0.106247,-0.136612,-1.011337,1.026038,40.476256,-74.572556,104.083870,50.272463,56.811935,0.123820,HRDATA
"2022-10-29 11:00:22.035",0.000000,19.778137,1030.654449,-0.098465,-0.129074,-1.096344,1.108299,40.476256,-74.572556,104.083870,50.272463,53.776745,0.104492,HRDATA
"2022-10-29 11:00:22.135",0.000000,19.370525,1030.654449,0.093231,-0.168030,-1.048538,1.066001,40.476249,-74.572551,104.083870,50.272463,58.667553,0.146695,HRDATA
"2022-10-29 11:00:22.236",0.000000,19.370525,1030.654449,0.010696,-0.028992,-0.955383,0.955883,40.476249,-74.572551,104.083870,50.272463,57.126942,0.148482,HRDATA
"2022-10-29 11:00:22.335",0.000000,19.370525,1030.654449,0.100601,-0.076309,-0.884094,0.893066,40.476249,-74.572551,103.006798,50.286547,55.873436,0.139130,HRDATA
"2022-10-29 11:00:22.436",0.000000,19.370525,1030.654449,-0.027878,0.011383,-0.898361,0.898866,40.476249,-74.572551,103.006798,50.286547,54.053143,0.126871,HRDATA
"2022-10-29 11:00:22.536",0.000000,19.370525,1030.654449,-0.102020,-0.007309,-1.044235,1.049232,40.476249,-74.572551,103.006798,50.286547,58.723938,0.127529,HRDATA
"2022-10-29 11:00:22.635",0.000000,19.370525,1030.655365,0.009415,-0.120148,-0.998093,1.005342,40.476249,-74.572551,104.163132,50.383500,57.536304,0.132772,HRDATA
"2022-10-29 11:00:22.736",0.000000,19.370525,1030.655365,-0.114090,-0.086487,-0.997055,1.007281,40.476249,-74.572551,105.381851,50.178456,55.491997,0.144113,HRDATA
"2022-10-29 11:00:22.837",0.000000,19.370525,1030.655365,-0.024277,-0.036850,-1.235870,1.236658,40.476249,-74.572551,106.805725,50.202299,52.704529,0.143151,HRDATA
"2022-10-29 11:00:22.936",0.000000,19.370525,1030.655365,0.201187,-0.066559,-1.078064,1.098694,40.476249,-74.572551,110.064873,50.388921,55.169415,0.128768,HRDATA
"2022-10-29 11:00:23.036",0.000000,19.370525,1030.655365,0.023773,0.020935,-0.932571,0.933109,40.476249,-74.572551,111.238045,50.433023,52.852669,0.115253,HRDATA
"2022-10-29 11:00:23.136",0.000000,19.570982,1030.655365,0.090744,-0.052444,-0.946167,0.951954,40.476245,-74.572546,113.296989,50.480401,50.999035,0.108738,HRDATA
"2022-10-29 11:00:23.236",0.000000,19.570982,1030.655365,-0.076920,-0.053650,-0.895218,0.900117,40.476245,-74.572546,114.434708,50.231143,55.242428,0.101473,HRDATA
"2022-10-29 11:00:23.336",0.000000,19.570982,1030.655365,-0.005722,-0.115097,-0.955826,0.962748,40.476245,-74.572546,115.648247,50.359484,55.135105,0.085721,HRDATA
"2022-10-29 11:00:23.436",0.000000,19.570982,1030.655365,0.044037,-0.211441,-1.041779,1.063931,40.476245,-74.572546,116.788071,50.251007,52.917187,0.079176,HRDATA
"2022-10-29 11:00:23.536",0.000000,19.570982,1030.655365,0.004395,-0.166611,-1.286682,1.297432,40.476245,-74.572546,116.788071,50.251007,56.227219,0.085143,HRDATA
"2022-10-29 11:00:23.636",0.000000,19.570982,1030.655365,0.158234,-0.153000,-0.967117,0.991848,40.476245,-74.572546,116.788071,50.251007,54.006626,0.080067,HRDATA
"2022-10-29 11:00:23.736",0.000000,19.570982,1030.655746,0.115921,-0.087830,-0.885376,0.897242,40.476245,-74.572546,115.669174,50.257353,51.888786,0.085285,HRDATA
"2022-10-29 11:00:23.837",0.000000,19.570982,1030.655746,-0.162582,-0.046494,-0.825607,0.842747,40.476245,-74.572546,114.620987,50.125714,53.205524,0.092720,HRDATA
"2022-10-29 11:00:23.936",0.000000,19.570982,1030.655746,-0.021240,-0.137619,-0.859695,0.870900,40.476245,-74.572546,114.620987,50.125714,50.552937,0.082439,HRDATA
"2022-10-29 11:00:24.035",0.000000,19.570982,1030.655746,-0.108490,-0.128815,-0.965591,0.980168,40.476245,-74.572546,114.620987,50.125714,49.474533,0.123946,HRDATA
"2022-10-29 11:00:24.136",0.000000,19.512696,1030.655746,-0.089798,-0.162582,-1.097412,1.113018,40.476241,-74.572543,114.620987,50.125714,55.981232,0.141439,HRDATA
"2022-10-29 11:00:24.236",0.000000,19.512696,1030.655746,0.027328,-0.130692,-1.133270,1.141109,40.476241,-74.572543,114.620987,50.125714,54.389442,0.143175,HRDATA
"2022-10-29 11:00:24.336",0.000000,19.512696,1030.655746,0.129807,-0.088516,-0.962372,0.975113,40.476241,-74.572543,115.733170,50.129806,53.563992,0.143826,HRDATA
"2022-10-29 11:00:24.436",0.000000,19.512696,1030.655746,0.078598,-0.003220,-1.073715,1.076593,40.476241,-74.572543,115.733170,50.129806,57.010094,0.132577,HRDATA
"2022-10-29 11:00:24.535",0.000000,19.512696,1030.655746,0.001831,-0.088760,-0.872009,0.876517,40.476241,-74.572543,115.733170,50.129806,58.552895,0.128441,HRDATA
"2022-10-29 11:00:24.636",0.000000,19.512696,1030.655746,-0.241592,0.077774,-0.940033,0.973693,40.476241,-74.572543,115.733170,50.129806,55.647972,0.124261,HRDATA
"2022-10-29 11:00:24.736",0.000000,19.512696,1030.655746,-0.081238,-0.061310,-0.927582,0.933149,40.476241,-74.572543,116.863708,50.121710,57.351139,0.117098,HRDATA
"2022-10-29 11:00:24.839",0.000000,19.512696,1030.657806,-0.029175,-0.120132,-1.067886,1.075018,40.476241,-74.572543,116.863708,50.121710,55.068600,0.120891,HRDATA
"2022-10-29 11:00:24.936",0.000000,19.512696,1030.657806,0.067505,-0.150681,-1.101715,1.114019,40.476241,-74.572543,116.863708,50.121710,53.948601,0.132846,HRDATA
"2022-10-29 11:00:25.036",0.000000,19.512696,1030.657806,0.096054,-0.081924,-1.080124,1.087477,40.476241,-74.572543,116.863708,50.121710,54.353249,0.141323,HRDATA
"2022-10-29 11:00:25.135",0.000000,19.177734,1030.657806,0.045502,-0.051331,-0.888748,0.891391,40.476235,-74.572541,116.863708,50.121710,56.682457,0.141715,HRDATA
"2022-10-29 11:00:25.236",0.000000,19.177734,1030.657806,-0.087189,-0.010315,-0.843216,0.847774,40.476235,-74.572541,116.863708,50.121710,54.434467,0.141773,HRDATA
"2022-10-29 11:00:25.337",0.000000,19.177734,1030.657806,-0.086090,-0.076965,-0.918488,0.925718,40.476235,-74.572541,116.863708,50.121710,53.360107,0.126598,HRDATA
"2022-10-29 11:00:25.436",0.000000,19.177734,1030.657806,-0.036270,-0.117188,-0.921753,0.929880,40.476235,-74.572541,117.942749,50.216280,52.113064,0.112837,HRDATA
"2022-10-29 11:00:25.536",0.000000,19.177734,1030.657806,-0.075134,-0.120941,-1.058456,1.067990,40.476235,-74.572541,117.942749,50.216280,54.419506,0.110608,HRDATA
"2022-10-29 11:00:25.636",0.000000,19.177734,1030.657806,-0.047318,-0.044479,-1.217850,1.219580,40.476235,-74.572541,119.081429,50.165080,54.194489,0.112492,HRDATA
"2022-10-29 11:00:25.736",0.000000,19.177734,1030.657806,0.185608,0.035507,-1.072281,1.088805,40.476235,-74.572541,120.283516,50.137794,56.159378,0.100548,HRDATA
"2022-10-29 11:00:25.837",0.000000,19.177734,1030.657806,-0.028046,0.020828,-1.022552,1.023149,40.476235,-74.572541,120.283516,50.137794,55.556347,0.120560,HRDATA
"2022-10-29 11:00:25.936",0.000000,19.177734,1030.657806,-0.122650,0.004654,-0.957993,0.965823,40.476235,-74.572541,120.283516,50.137794,57.923065,0.122943,HRDATA
"2022-10-29 11:00:26.035",0.000000,19.177734,1030.657806,-0.076599,-0.043274,-1.019302,1.023092,40.476235,-74.572541,121.317238,50.317190,56.370754,0.121964,HRDATA
"2022-10-29 11:00:26.135",0.000000,19.498954,1030.657806,-0.039642,-0.111862,-0.947403,0.954807,40.476230,-74.572538,121.317238,50.317190,60.482101,0.123877,HRDATA
"2022-10-29 11:00:26.236",0.000000,19.498954,1030.657806,-0.144608,-0.095810,-0.942291,0.958125,40.476230,-74.572538,121.317238,50.317190,59.363911,0.125147,HRDATA
"2022-10-29 11:00:26.337",0.000000,19.498954,1030.657806,0.067001,-0.225113,-1.023468,1.050072,40.476230,-74.572538,121.317238,50.317190,59.079857,0.126456,HRDATA
"2022-10-29 11:00:26.436",0.000000,19.498954,1030.657806,0.036514,0.010666,-1.130676,1.131316,40.476230,-74.572538,121.317238,50.317190,62.905724,0.116225,HRDATA
"2022-10-29 11:00:26.536",0.000000,19.498954,1030.657806,0.003036,0.052368,-0.917419,0.918918,40.476230,-74.572538,121.317238,50.317190,61.385757,0.121941,HRDATA
"2022-10-29 11:00:26.636",0.000000,19.498954,1030.657806,-0.099945,-0.054932,-0.957458,0.964227,40.476230,-74.572538,120.160019,50.190512,61.374012,0.145481,HRDATA
"2022-10-29 11:00:26.736",0.000000,19.498954,1030.657806,-0.085693,0.018295,-0.962357,0.966338,40.476230,-74.572538,119.024559,50.133212,61.538166,0.148827,HRDATA
"2022-10-29 11:00:26.837",0.000000,19.498954,1030.657806,-0.145538,-0.034027,-0.976318,0.987693,40.476230,-74.572538,119.024559,50.133212,60.025448,0.143030,HRDATA
"2022-10-29 11:00:26.936",0.000000,19.498954,1030.655975,-0.131958,-0.028442,-1.219940,1.227386,40.476230,-74.572538,119.024559,50.133212,62.674377,0.135837,HRDATA
"2022-10-29 11:00:27.036",0.000000,19.498954,1030.655975,0.043015,-0.124863,-1.051895,1.060153,40.476230,-74.572538,119.024559,50.133212,61.784363,0.136616,HRDATA
"2022-10-29 11:00:27.136",0.000000,19.258173,1030.655975,-0.077499,0.055771,-0.938980,0.943822,40.476223,-74.572534,119.024559,50.133212,65.052902,0.137616,HRDATA
"2022-10-29 11:00:27.236",0.000000,19.258173,1030.655975,-0.032791,-0.020142,-0.940781,0.941567,40.476223,-74.572534,117.970589,50.240104,63.542912,0.151261,HRDATA
"2022-10-29 11:00:27.336",0.000000,19.258173,1030.655975,-0.197189,0.016876,-0.800751,0.824846,40.476223,-74.572534,117.970589,50.240104,62.256393,0.152113,HRDATA
"2022-10-29 11:00:27.436",0.000000,19.258173,1030.655975,-0.172897,-0.038773,-0.937393,0.953993,40.476223,-74.572534,116.843147,50.458075,60.451962,0.154269,HRDATA
"2022-10-29 11:00:27.536",0.000000,19.258173,1030.655975,-0.141556,-0.123093,-1.059311,1.075792,40.476223,-74.572534,116.843147,50.458075,62.393822,0.153816,HRDATA
"2022-10-29 11:00:27.635",0.000000,19.258173,1030.655975,-0.083786,-0.192413,-1.096436,1.116340,40.476223,-74.572534,115.775795,50.191589,60.463619,0.142587,HRDATA
"2022-10-29 11:00:27.736",0.000000,19.258173,1030.655975,-0.032608,0.054245,-0.990692,0.992712,40.476223,-74.572534,114.591095,50.328253,58.561375,0.137908,HRDATA
"2022-10-29 11:00:27.836",0.000000,19.258173,1030.655975,0.015427,0.012009,-0.980560,0.980755,40.476223,-74.572534,112.346329,50.141490,59.436630,0.130990,HRDATA
"2022-10-29 11:00:27.936",0.000000,19.258173,1030.655975,-0.164749,0.000931,-0.943466,0.957743,40.476223,-74.572534,111.290031,50.147283,60.020885,0.133149,HRDATA
"2022-10-29 11:00:28.035",0.000000,19.258173,1030.654221,-0.107925,-0.046982,-0.976807,0.983873,40.476223,-74.572534,111.290031,50.147283,62.772583,0.137154,HRDATA
"2022-10-29 11:00:28.136",0.000000,19.075289,1030.654221,-0.136276,-0.090302,-0.926544,0.940856,40.476216,-74.572527,111.290031,50.147283,60.584557,0.136411,HRDATA
"2022-10-29 11:00:28.236",0.000000,19.075289,1030.654221,-0.142990,-0.071945,-1.085114,1.096856,40.476216,-74.572527,111.290031,50.147283,60.831295,0.140195,HRDATA
"2022-10-29 11:00:28.336",0.000000,19.075289,1030.654221,-0.131729,-0.100723,-1.143051,1.155017,40.476216,-74.572527,111.290031,50.147283,59.488464,0.144572,HRDATA
"2022-10-29 11:00:28.436",0.000000,19.075289,1030.654221,0.109436,-0.056839,-1.024643,1.032037,40.476216,-74.572527,111.290031,50.147283,58.232700,0.143296,HRDATA
"2022-10-29 11:00:28.536",0.000000,19.075289,1030.654221,0.038956,0.024796,-0.905396,0.906572,40.476216,-74.572527,111.290031,50.147283,60.162014,0.142456,HRDATA
"2022-10-29 11:00:28.636",0.000000,19.075289,1030.654221,-0.104507,-0.011490,-0.913361,0.919392,40.476216,-74.572527,111.290031,50.147283,59.336697,0.137430,HRDATA
"2022-10-29 11:00:28.736",0.000000,19.075289,1030.654221,-0.155090,-0.018097,-0.910492,0.923784,40.476216,-74.572527,111.290031,50.147283,58.273129,0.126794,HRDATA
"2022-10-29 11:00:28.835",0.000000,19.075289,1030.654221,-0.162155,-0.051727,-1.034210,1.048122,40.476216,-74.572527,111.290031,50.147283,56.800159,0.111708,HRDATA
"2022-10-29 11:00:28.936",0.000000,19.075289,1030.654221,-0.159592,-0.088272,-1.097519,1.112569,40.476216,-74.572527,111.290031,50.147283,58.648121,0.083413,HRDATA
"2022-10-29 11:00:29.036",0.000000,19.075289,1030.650940,-0.029770,-0.050125,-1.150681,1.152156,40.476216,-74.572527,111.290031,50.147283,57.914307,0.072384,HRDATA
"2022-10-29 11:00:29.136",0.000000,18.703896,1030.650940,-0.025864,0.005188,-0.956116,0.956480,40.476212,-74.572525,111.290031,50.147283,58.193047,0.098142,HRDATA
"2022-10-29 11:00:29.236",0.000000,18.703896,1030.650940,0.003769,-0.046371,-0.954559,0.955692,40.476212,-74.572525,111.290031,50.147283,56.438778,0.106469,HRDATA
"2022-10-29 11:00:29.337",0.000000,18.703896,1030.650940,-0.105438,-0.001053,-0.953217,0.959031,40.476212,-74.572525,110.260620,50.367743,56.296310,0.117082,HRDATA
"2022-10-29 11:00:29.436",0.000000,18.703896,1030.650940,-0.076599,-0.037079,-0.857468,0.861680,40.476212,-74.572525,110.260620,50.367743,55.682865,0.123830,HRDATA
"2022-10-29 11:00:29.536",0.000000,18.703896,1030.650940,-0.212769,-0.056824,-0.867828,0.895335,40.476212,-74.572525,110.260620,50.367743,60.389515,0.124479,HRDATA
"2022-10-29 11:00:29.636",0.000000,18.703896,1030.650940,-0.102478,-0.056305,-1.073227,1.079578,40.476212,-74.572525,110.260620,50.367743,58.965137,0.128362,HRDATA
"2022-10-29 11:00:29.736",0.000000,18.703896,1030.650940,-0.184616,-0.112900,-1.077515,1.099030,40.476212,-74.572525,111.358147,50.295041,58.102554,0.131728,HRDATA
"2022-10-29 11:00:29.837",0.000000,18.703896,1030.650940,0.088104,-0.118866,-1.056717,1.067025,40.476212,-74.572525,111.358147,50.295041,59.012585,0.139110,HRDATA
"2022-10-29 11:00:29.936",0.000000,18.703896,1030.650940,-0.054642,0.039520,-0.750412,0.753436,40.476212,-74.572525,111.358147,50.295041,56.981956,0.141457,HRDATA
"2022-10-29 11:00:30.035",0.000000,18.703896,1030.650940,-0.142670,0.094971,-0.996445,1.011077,40.476212,-74.572525,111.358147,50.295041,58.446472,0.153616,HRDATA
"2022-10-29 11:00:30.136",0.000000,18.520591,1030.647354,-0.181168,0.005417,-0.916779,0.934523,40.476207,-74.572521,111.358147,50.295041,59.141148,0.138505,HRDATA
"2022-10-29 11:00:30.236",0.000000,18.520591,1030.647354,-0.191788,-0.053391,-1.063599,1.082070,40.476207,-74.572521,111.358147,50.295041,59.027988,0.126771,HRDATA
"2022-10-29 11:00:30.337",0.000000,18.520591,1030.647354,-0.156891,-0.055832,-1.222702,1.233990,40.476207,-74.572521,111.358147,50.295041,56.025654,0.123894,HRDATA
"2022-10-29 11:00:30.436",0.000000,18.520591,1030.647354,0.006271,-0.032135,-1.219009,1.219449,40.476207,-74.572521,111.358147,50.295041,56.952480,0.132723,HRDATA
"2022-10-29 11:00:30.535",0.000000,18.520591,1030.647354,-0.034668,-0.033813,-0.821503,0.822929,40.476207,-74.572521,110.243690,50.228282,56.537167,0.138869,HRDATA
"2022-10-29 11:00:30.636",0.000000,18.520591,1030.647354,0.001358,-0.069214,-0.914093,0.916711,40.476207,-74.572521,109.107254,50.063241,55.131268,0.145245,HRDATA
"2022-10-29 11:00:30.736",0.000000,18.520591,1030.647354,-0.150116,-0.042542,-0.877136,0.890905,40.476207,-74.572521,109.107254,50.063241,53.976810,0.140332,HRDATA
"2022-10-29 11:00:30.834",0.000000,18.520591,1030.647354,-0.135315,-0.070465,-0.941360,0.953643,40.476207,-74.572521,109.107254,50.063241,52.098198,0.141303,HRDATA
"2022-10-29 11:00:30.936",0.000000,18.520591,1030.647354,-0.166840,-0.101746,-0.941528,0.961594,40.476207,-74.572521,109.107254,50.063241,51.861702,0.145522,HRDATA
"2022-10-29 11:00:31.036",0.000000,18.520591,1030.647354,-0.115875,-0.219849,-1.064941,1.093554,40.476207,-74.572521,109.107254,50.063241,54.434261,0.149353,HRDATA
"2022-10-29 11:00:31.135",0.000000,18.379605,1030.647354,-0.108109,-0.134415,-1.136383,1.149400,40.476204,-74.572517,109.107254,50.063241,52.356750,0.145179,HRDATA
"2022-10-29 11:00:31.236",0.000000,18.379605,1030.643768,-0.045761,0.011093,-1.023193,1.024276,40.476204,-74.572517,109.107254,50.063241,50.416500,0.129998,HRDATA
"2022-10-29 11:00:31.335",0.000000,18.379605,1030.643768,-0.112549,0.066147,-0.891022,0.900534,40.476204,-74.572517,109.107254,50.063241,52.504059,0.111467,HRDATA
"2022-10-29 11:00:31.435",0.000000,18.379605,1030.643768,-0.138306,-0.059219,-0.868011,0.880954,40.476204,-74.572517,109.107254,50.063241,54.538364,0.082069,HRDATA
"2022-10-29 11:00:31.535",0.000000,18.379605,1030.643768,-0.227325,-0.095154,-0.992203,1.022349,40.476204,-74.572517,109.107254,50.063241,53.406128,0.073634,HRDATA
"2022-10-29 11:00:31.635",0.000000,18.379605,1030.643768,-0.161148,-0.092911,-0.970367,0.988035,40.476204,-74.572517,110.151176,49.923204,52.112045,0.121198,HRDATA
"2022-10-29 11:00:31.735",0.000000,18.379605,1030.643768,-0.101456,-0.139053,-1.116806,1.129993,40.476204,-74.572517,110.151176,49.923204,55.663616,0.129437,HRDATA
"2022-10-29 11:00:31.835",0.000000,18.379605,1030.643768,-0.025497,-0.061295,-1.046722,1.048826,40.476204,-74.572517,110.151176,49.923204,54.417374,0.111428,HRDATA
"2022-10-29 11:00:31.936",0.000000,18.379605,1030.643768,0.032471,-0.048309,-0.907913,0.909777,40.476204,-74.572517,109.131821,50.049239,51.605942,0.094329,HRDATA
"2022-10-29 11:00:32.035",0.000000,18.379605,1030.643768,-0.049286,-0.063644,-0.875137,0.878832,40.476204,-74.572517,107.878578,49.639644,50.165443,0.066852,HRDATA
"2022-10-29 11:00:32.136",0.000000,18.185819,1030.643768,-0.098724,-0.056534,-0.861786,0.869263,40.476201,-74.572514,106.815079,50.154671,53.450176,0.048814,HRDATA
"2022-10-29 11:00:32.235",0.000000,18.185819,1030.643539,-0.137985,-0.054214,-0.961456,0.972819,40.476201,-74.572514,106.815079,50.154671,51.705254,0.044844,HRDATA
"2022-10-29 11:00:32.336",0.000000,18.185819,1030.643539,-0.150589,-0.059616,-1.072891,1.085047,40.476201,-74.572514,106.815079,50.154671,57.477783,0.049006,HRDATA
"2022-10-29 11:00:32.435",0.000000,18.185819,1030.643539,-0.213257,-0.082901,-1.180756,1.202720,40.476201,-74.572514,106.815079,50.154671,54.168747,0.061640,HRDATA
"2022-10-29 11:00:32.536",0.000000,18.185819,1030.643539,0.144684,-0.152664,-1.120544,1.140114,40.476201,-74.572514,107.937881,50.267491,51.228027,0.072431,HRDATA
"2022-10-29 11:00:32.637",0.000000,18.185819,1030.643539,0.015594,0.069199,-0.905182,0.907957,40.476201,-74.572514,107.937881,50.267491,52.073326,0.097527,HRDATA
"2022-10-29 11:00:32.736",0.000000,18.185819,1030.643539,-0.003799,-0.053680,-0.937088,0.938632,40.476201,-74.572514,107.937881,50.267491,52.669250,0.106123,HRDATA
"2022-10-29 11:00:32.836",0.000000,18.185819,1030.643539,-0.131104,0.074478,-0.930649,0.942784,40.476201,-74.572514,107.937881,50.267491,49.977905,0.114805,HRDATA
"2022-10-29 11:00:32.936",0.000000,18.185819,1030.643539,-0.255722,0.180649,-1.087723,1.131887,40.476201,-74.572514,109.040459,50.176304,48.496937,0.107626,HRDATA
"2022-10-29 11:00:33.036",0.000000,18.185819,1030.643539,-0.010880,-0.126877,-1.008484,1.016492,40.476201,-74.572514,111.547684,50.240729,49.833218,0.137226,HRDATA
"2022-10-29 11:00:33.138",0.000000,18.133746,1030.643539,-0.019836,-0.162491,-1.118896,1.130808,40.476197,-74.572511,112.836464,49.850146,54.209743,0.156989,HRDATA
"2022-10-29 11:00:33.236",0.000000,18.133746,1030.643539,0.013077,-0.127838,-0.889832,0.899063,40.476197,-74.572511,114.040466,49.914192,52.682934,0.159811,HRDATA
"2022-10-29 11:00:33.336",0.000000,18.133746,1030.643539,0.209335,-0.125687,-1.047028,1.075121,40.476197,-74.572511,115.196388,49.747895,54.294670,0.152998,HRDATA
"2022-10-29 11:00:33.436",0.000000,18.133746,1030.643539,-0.086487,-0.016907,-0.920334,0.924543,40.476197,-74.572511,115.196388,49.747895,54.813656,0.149902,HRDATA
"2022-10-29 11:00:33.536",0.000000,18.133746,1030.643539,-0.019623,-0.053223,-0.832169,0.834100,40.476197,-74.572511,115.196388,49.747895,53.833599,0.144946,HRDATA
"2022-10-29 11:00:33.638",0.000000,18.133746,1030.643539,-0.008194,-0.078140,-1.048477,1.051417,40.476197,-74.572511,115.196388,49.747895,51.318150,0.153685,HRDATA
"2022-10-29 11:00:33.736",0.000000,18.133746,1030.643539,-0.025986,-0.134064,-1.010254,1.019442,40.476197,-74.572511,116.368622,49.880276,49.488316,0.148780,HRDATA
"2022-10-29 11:00:33.835",0.000000,18.133746,1030.643539,-0.053284,-0.124939,-1.131653,1.139775,40.476197,-74.572511,117.396606,50.118067,51.156048,0.147543,HRDATA
"2022-10-29 11:00:33.935",0.000000,18.133746,1030.643539,0.021973,-0.109268,-1.030365,1.036376,40.476197,-74.572511,118.561623,49.977175,51.937599,0.139364,HRDATA
"2022-10-29 11:00:34.036",0.000000,18.133746,1030.643539,0.127899,-0.000687,-0.911087,0.920021,40.476197,-74.572511,119.776588,50.080830,51.840233,0.125551,HRDATA
"2022-10-29 11:00:34.139",0.000000,18.132546,1030.643539,0.064133,-0.118347,-0.949875,0.959365,40.476195,-74.572507,119.776588,50.080830,49.615948,0.121052,HRDATA
"2022-10-29 11:00:34.236",0.000000,18.132546,1030.643539,-0.107193,-0.023682,-0.961624,0.967870,40.476195,-74.572507,119.776588,50.080830,50.378345,0.127470,HRDATA
"2022-10-29 11:00:34.335",0.000000,18.132546,1030.643539,-0.124451,-0.066040,-0.969711,0.979892,40.476195,-74.572507,118.758675,50.252708,52.885929,0.134518,HRDATA
"2022-10-29 11:00:34.436",0.000000,18.132546,1030.644379,-0.092560,-0.113907,-1.044205,1.054469,40.476195,-74.572507,117.669281,50.362794,53.462059,0.134992,HRDATA
"2022-10-29 11:00:34.535",0.000000,18.132546,1030.644379,-0.082443,-0.111740,-1.118042,1.126632,40.476195,-74.572507,116.628143,49.869712,51.249172,0.137578,HRDATA
"2022-10-29 11:00:34.639",0.000000,18.132546,1030.644379,0.077118,-0.031433,-1.006775,1.010213,40.476195,-74.572507,115.466125,50.198743,51.545189,0.151940,HRDATA
"2022-10-29 11:00:34.736",0.000000,18.132546,1030.644379,0.187805,-0.124527,-0.884430,0.912685,40.476195,-74.572507,113.287643,49.948518,52.694107,0.156328,HRDATA
"2022-10-29 11:00:34.835",0.000000,18.132546,1030.644379,-0.035522,-0.020538,-0.958450,0.959328,40.476195,-74.572507,111.877342,49.936036,51.123638,0.161429,HRDATA
"2022-10-29 11:00:34.936",0.000000,18.132546,1030.644379,-0.108780,-0.016098,-0.856064,0.863098,40.476195,-74.572507,109.437851,50.053199,54.626053,0.142141,HRDATA
"2022-10-29 11:00:35.036",0.000000,18.132546,1030.644379,-0.122757,-0.049301,-0.968201,0.977196,40.476195,-74.572507,108.323631,50.085336,51.688927,0.116422,HRDATA
"2022-10-29 11:00:35.138",0.000000,18.187286,1030.644379,-0.143036,-0.005219,-0.982880,0.993247,40.476188,-74.572504,108.323631,50.085336,54.435505,0.106017,HRDATA
"2022-10-29 11:00:35.236",0.000000,18.187286,1030.644379,-0.142242,-0.053833,-1.196625,1.206251,40.476188,-74.572504,107.275879,50.431581,53.138794,0.104236,HRDATA
"2022-10-29 11:00:35.335",0.000000,18.187286,1030.644379,0.145493,-0.158447,-1.177246,1.196738,40.476188,-74.572504,107.275879,50.431581,51.854881,0.122382,HRDATA
"2022-10-29 11:00:35.435",0.000000,18.187286,1030.644379,0.066132,0.011093,-0.931213,0.933625,40.476188,-74.572504,108.291641,50.264675,51.962944,0.152978,HRDATA
"2022-10-29 11:00:35.536",0.000000,18.187286,1030.644608,-0.065079,0.028900,-0.947739,0.950410,40.476188,-74.572504,108.291641,50.264675,49.623501,0.153052,HRDATA
"2022-10-29 11:00:35.637",0.000000,18.187286,1030.644608,-0.092712,-0.026230,-0.894272,0.899447,40.476188,-74.572504,108.291641,50.264675,50.405190,0.147983,HRDATA
"2022-10-29 11:00:35.736",0.000000,18.187286,1030.644608,-0.106201,-0.045135,-0.956955,0.963887,40.476188,-74.572504,108.291641,50.264675,49.866325,0.146282,HRDATA
"2022-10-29 11:00:35.836",0.000000,18.187286,1030.644608,-0.137436,-0.084366,-1.015671,1.028394,40.476188,-74.572504,108.291641,50.264675,51.838360,0.142663,HRDATA
"2022-10-29 11:00:35.936",0.000000,18.187286,1030.644608,-0.040482,-0.111481,-1.167358,1.173368,40.476188,-74.572504,107.282722,50.243245,50.441689,0.128882,HRDATA
"2022-10-29 11:00:36.036",0.000000,18.187286,1030.644608,0.076920,-0.150024,-1.028061,1.041793,40.476188,-74.572504,107.282722,50.243245,51.102112,0.110488,HRDATA
"2022-10-29 11:00:36.137",0.000000,18.317974,1030.644608,0.176590,-0.052734,-0.984177,1.001283,40.476184,-74.572498,106.030663,50.286760,48.528988,0.095995,HRDATA
"2022-10-29 11:00:36.236",0.000000,18.317974,1030.644608,-0.076828,-0.007111,-0.839737,0.843274,40.476184,-74.572498,103.800278,50.078167,47.237316,0.098032,HRDATA
"2022-10-29 11:00:36.335",0.000000,18.317974,1030.644608,-0.162125,0.042114,-0.872849,0.888776,40.476184,-74.572498,102.694427,50.320272,50.446564,0.094664,HRDATA
"2022-10-29 11:00:36.435",0.000000,18.317974,1030.644608,-0.148849,0.030289,-1.001389,1.012844,40.476184,-74.572498,102.694427,50.320272,50.820206,0.081482,HRDATA
"2022-10-29 11:00:36.536",0.000000,18.317974,1030.645905,-0.118622,-0.109329,-0.952469,0.966034,40.476184,-74.572498,102.694427,50.320272,53.330887,0.087652,HRDATA
"2022-10-29 11:00:36.639",0.000000,18.317974,1030.645905,-0.046463,-0.135422,-1.073486,1.082992,40.476184,-74.572498,103.757256,50.437223,51.021576,0.091335,HRDATA
"2022-10-29 11:00:36.736",0.000000,18.317974,1030.645905,-0.016830,-0.024857,-1.139908,1.140303,40.476184,-74.572498,103.757256,50.437223,51.162708,0.093993,HRDATA
"2022-10-29 11:00:36.835",0.000000,18.317974,1030.645905,0.139389,-0.063858,-1.003860,1.015501,40.476184,-74.572498,103.757256,50.437223,48.996883,0.089413,HRDATA
"2022-10-29 11:00:36.936",0.000000,18.317974,1030.645905,-0.037476,-0.046524,-1.021057,1.022803,40.476184,-74.572498,103.757256,50.437223,55.794888,0.092568,HRDATA
"2022-10-29 11:00:37.036",0.000000,18.317974,1030.645905,-0.057510,-0.031219,-0.901321,0.903694,40.476184,-74.572498,103.757256,50.437223,53.119843,0.105977,HRDATA
"2022-10-29 11:00:37.139",0.000000,18.353514,1030.645905,-0.131607,-0.091217,-0.905182,0.919236,40.476181,-74.572494,103.757256,50.437223,50.163322,0.142768,HRDATA
"2022-10-29 11:00:37.236",0.000000,18.353514,1030.645905,-0.082413,-0.128525,-0.976669,0.988531,40.476181,-74.572494,103.757256,50.437223,48.824894,0.160721,HRDATA
"2022-10-29 11:00:37.335",0.000000,18.353514,1030.645905,-0.237656,0.001389,-0.997772,1.025686,40.476181,-74.572494,103.757256,50.437223,47.697605,0.167160,HRDATA
"2022-10-29 11:00:37.436",0.000000,18.353514,1030.645905,0.056473,0.022232,-1.188934,1.190482,40.476181,-74.572494,103.757256,50.437223,45.048599,0.161870,HRDATA
"2022-10-29 11:00:37.536",0.000000,18.353514,1030.645905,0.012512,-0.000275,-0.929565,0.929650,40.476181,-74.572494,102.668404,50.173391,46.470123,0.156050,HRDATA
"2022-10-29 11:00:37.639",0.000000,18.353514,1030.646057,0.025467,-0.027863,-0.940201,0.940958,40.476181,-74.572494,102.668404,50.173391,46.299606,0.157828,HRDATA
"2022-10-29 11:00:37.736",0.000000,18.353514,1030.646057,-0.084091,-0.025070,-0.888657,0.892978,40.476181,-74.572494,102.668404,50.173391,43.589466,0.155851,HRDATA
"2022-10-29 11:00:37.835",0.000000,18.353514,1030.646057,-0.134766,-0.021194,-0.962784,0.972401,40.476181,-74.572494,102.668404,50.173391,42.348297,0.153358,HRDATA
"2022-10-29 11:00:37.936",0.000000,18.353514,1030.646057,-0.148972,-0.101028,-0.979721,0.996119,40.476181,-74.572494,102.668404,50.173391,44.563835,0.143270,HRDATA
"2022-10-29 11:00:38.036",0.000000,18.353514,1030.646057,-0.151016,-0.048096,-1.242447,1.252515,40.476181,-74.572494,102.668404,50.173391,54.442558,0.125166,HRDATA
"2022-10-29 11:00:38.136",0.000000,18.227133,1030.646057,0.167953,-0.020294,-1.167130,1.179327,40.476174,-74.572493,103.732231,50.276982,52.341038,0.109466,HRDATA
"2022-10-29 11:00:38.236",0.000000,18.227133,1030.646057,-0.044586,0.100800,-0.760147,0.768096,40.476174,-74.572493,103.732231,50.276982,49.625229,0.109481,HRDATA
"2022-10-29 11:00:38.335",0.000000,18.227133,1030.646057,0.039505,-0.031113,-0.887100,0.888524,40.476174,-74.572493,103.732231,50.276982,48.218418,0.106735,HRDATA
"2022-10-29 11:00:38.436",0.000000,18.227133,1030.646057,-0.122314,-0.061142,-0.843506,0.854518,40.476174,-74.572493,104.746338,50.069066,46.166973,0.083648,HRDATA
"2022-10-29 11:00:38.536",0.000000,18.227133,1030.646057,-0.142014,-0.092133,-0.970306,0.984962,40.476174,-74.572493,104.746338,50.069066,44.762600,0.075609,HRDATA
"2022-10-29 11:00:38.639",0.000000,18.227133,1030.646057,-0.015991,-0.048096,-1.140869,1.141994,40.476174,-74.572493,104.746338,50.069066,44.354958,0.113958,HRDATA
"2022-10-29 11:00:38.736",0.000000,18.227133,1030.646439,-0.186783,-0.018753,-1.143387,1.158695,40.476174,-74.572493,103.686981,50.046707,44.633453,0.139343,HRDATA
"2022-10-29 11:00:38.835",0.000000,18.227133,1030.646439,0.098999,0.068451,-1.029022,1.036037,40.476174,-74.572493,103.686981,50.046707,49.374050,0.141898,HRDATA
"2022-10-29 11:00:38.935",0.000000,18.227133,1030.646439,0.119873,-0.051987,-0.912842,0.922145,40.476174,-74.572493,102.677933,50.072861,46.775391,0.128444,HRDATA
"2022-10-29 11:00:39.036",0.000000,18.227133,1030.646439,0.020340,-0.013306,-1.005142,1.005436,40.476174,-74.572493,101.540894,49.845386,47.435520,0.136438,HRDATA
"2022-10-29 11:00:39.137",0.000000,18.297857,1030.646439,-0.089233,0.042419,-0.919052,0.924348,40.476167,-74.572489,100.510834,50.184850,45.585533,0.142526,HRDATA
"2022-10-29 11:00:39.237",0.000000,18.297857,1030.646439,-0.165802,0.013290,-1.023346,1.036776,40.476167,-74.572489,100.510834,50.184850,51.841431,0.149483,HRDATA
"2022-10-29 11:00:39.336",0.000000,18.297857,1030.646439,-0.115555,-0.018280,-1.141724,1.147702,40.476167,-74.572489,100.510834,50.184850,48.691177,0.156844,HRDATA
"2022-10-29 11:00:39.436",0.000000,18.297857,1030.646439,-0.093460,-0.036667,-1.200272,1.204463,40.476167,-74.572489,100.510834,50.184850,46.918453,0.163693,HRDATA
"2022-10-29 11:00:39.535",0.000000,18.297857,1030.646439,0.119980,0.049957,-0.973709,0.982344,40.476167,-74.572489,101.518143,49.879426,47.751247,0.164026,HRDATA
"2022-10-29 11:00:39.636",0.000000,18.297857,1030.646439,0.003494,0.055267,-0.786957,0.788903,40.476167,-74.572489,101.518143,49.879426,45.908772,0.164533,HRDATA
"2022-10-29 11:00:39.736",0.000000,18.297857,1030.646439,-0.139465,0.061981,-0.895752,0.908660,40.476167,-74.572489,102.531830,50.166996,47.139366,0.163344,HRDATA
"2022-10-29 11:00:39.835",0.000000,18.297857,1030.646439,-0.109512,0.059647,-0.856827,0.865854,40.476167,-74.572489,103.779533,50.003102,47.165958,0.160022,HRDATA
"2022-10-29 11:00:39.936",0.000000,18.297857,1030.646439,-0.229889,0.046036,-1.103287,1.127923,40.476167,-74.572489,104.883133,50.106377,43.592758,0.155354,HRDATA
"2022-10-29 11:00:40.036",0.000000,18.297857,1030.646439,-0.127274,0.001328,-1.157639,1.164615,40.476167,-74.572489,107.151237,50.164706,44.966057,0.144913,HRDATA
"2022-10-29 11:00:40.138",0.000000,18.152735,1030.646439,0.085831,-0.141693,-1.147629,1.159524,40.476160,-74.572484,108.303947,50.007022,44.508076,0.089570,HRDATA
"2022-10-29 11:00:40.236",0.000000,18.152735,1030.646439,0.159515,-0.084000,-1.019485,1.035303,40.476160,-74.572484,110.684036,50.184652,47.364407,0.074120,HRDATA
"2022-10-29 11:00:40.335",0.000000,18.152735,1030.646439,-0.002472,-0.057724,-0.890274,0.892147,40.476160,-74.572484,110.684036,50.184652,50.053223,0.081303,HRDATA
"2022-10-29 11:00:40.436",0.000000,18.152735,1030.646439,-0.012482,-0.034576,-0.875381,0.876153,40.476160,-74.572484,111.721352,50.102391,50.410484,0.085317,HRDATA
"2022-10-29 11:00:40.535",0.000000,18.152735,1030.646439,-0.081024,-0.066498,-0.889114,0.895272,40.476160,-74.572484,111.721352,50.102391,46.732822,0.072984,HRDATA
"2022-10-29 11:00:40.635",0.000000,18.152735,1030.646439,-0.040756,-0.148376,-1.035812,1.047179,40.476160,-74.572484,113.977951,50.137487,45.578232,0.077298,HRDATA
"2022-10-29 11:00:40.736",0.000000,18.152735,1030.646439,-0.092865,-0.051346,-1.318176,1.322441,40.476160,-74.572484,115.151680,50.147304,44.292477,0.095904,HRDATA
"2022-10-29 11:00:40.835",0.000000,18.152735,1030.648117,0.121643,-0.027145,-1.014526,1.022153,40.476160,-74.572484,116.481354,50.382483,45.308346,0.091485,HRDATA
"2022-10-29 11:00:40.936",0.000000,18.152735,1030.648117,0.063324,0.109650,-0.915543,0.924257,40.476160,-74.572484,117.615982,50.120495,42.973816,0.080709,HRDATA
"2022-10-29 11:00:41.036",0.000000,18.152735,1030.648117,-0.080597,-0.003311,-0.816284,0.820260,40.476160,-74.572484,117.615982,50.120495,41.743233,0.084415,HRDATA
"2022-10-29 11:00:41.136",0.000000,18.139686,1030.648117,-0.215897,0.028046,-0.997375,1.020860,40.476154,-74.572482,118.680016,50.359434,44.997295,0.087387,HRDATA
"2022-10-29 11:00:41.236",0.000000,18.139686,1030.648117,0.048096,-0.174286,-1.023254,1.039105,40.476154,-74.572482,119.681335,50.476539,54.045551,0.094071,HRDATA
"2022-10-29 11:00:41.336",0.000000,18.139686,1030.648117,-0.104538,-0.080200,-1.204010,1.211198,40.476154,-74.572482,119.681335,50.476539,51.337605,0.099361,HRDATA
"2022-10-29 11:00:41.435",0.000000,18.139686,1030.648117,-0.206451,0.008087,-1.014099,1.034932,40.476154,-74.572482,118.638680,50.587888,48.831898,0.111909,HRDATA
"2022-10-29 11:00:41.536",0.000000,18.139686,1030.648117,0.065445,-0.091721,-0.722580,0.731312,40.476154,-74.572482,118.638680,50.587888,46.759338,0.164493,HRDATA
"2022-10-29 11:00:41.636",0.000000,18.139686,1030.648117,-0.069809,0.011047,-0.950760,0.953383,40.476154,-74.572482,118.638680,50.587888,44.733189,0.178479,HRDATA
"2022-10-29 11:00:41.735",0.000000,18.139686,1030.648117,-0.085083,-0.059540,-1.000259,1.005636,40.476154,-74.572482,118.638680,50.587888,46.593845,0.142004,HRDATA
"2022-10-29 11:00:41.836",0.000000,18.139686,1030.648117,-0.125381,-0.069397,-0.866135,0.877910,40.476154,-74.572482,118.638680,50.587888,49.277660,0.107788,HRDATA
"2022-10-29 11:00:41.936",0.000000,18.139686,1030.648117,-0.084610,-0.083206,-1.049759,1.056445,40.476154,-74.572482,119.657112,50.164288,47.329220,0.111410,HRDATA
"2022-10-29 11:00:42.036",0.000000,18.139686,1030.648117,-0.074677,-0.067917,-1.218384,1.222558,40.476154,-74.572482,119.657112,50.164288,46.196472,0.124832,HRDATA
"2022-10-29 11:00:42.139",0.000000,18.287479,1030.648117,-0.071518,-0.023819,-1.386230,1.388278,40.476151,-74.572478,120.693298,50.120414,45.380943,0.110494,HRDATA
"2022-10-29 11:00:42.236",0.000000,18.287479,1030.648117,0.077713,0.124512,-1.151443,1.160760,40.476151,-74.572478,120.693298,50.120414,49.814034,0.103777,HRDATA
"2022-10-29 11:00:42.335",0.000000,18.287479,1030.648117,-0.058914,0.239395,-0.977066,1.007690,40.476151,-74.572478,120.693298,50.120414,48.754841,0.105039,HRDATA
"2022-10-29 11:00:42.436",0.000000,18.287479,1030.648117,-0.153702,0.213608,-0.983978,1.018561,40.476151,-74.572478,120.693298,50.120414,52.586426,0.107524,HRDATA
"2022-10-29 11:00:42.536",0.000000,18.287479,1030.648117,-0.124176,0.089264,-1.050278,1.061353,40.476151,-74.572478,121.817642,50.185314,49.982971,0.109053,HRDATA
"2022-10-29 11:00:42.639",0.000000,18.287479,1030.648117,-0.223450,0.036072,-0.998016,1.023361,40.476151,-74.572478,122.919731,50.358534,47.821735,0.113802,HRDATA
"2022-10-29 11:00:42.736",0.000000,18.287479,1030.648117,-0.075317,-0.039764,-0.969772,0.973505,40.476151,-74.572478,122.919731,50.358534,45.717918,0.114706,HRDATA
"2022-10-29 11:00:42.835",0.000000,18.287479,1030.648117,-0.053635,-0.105377,-0.706329,0.716158,40.476151,-74.572478,122.919731,50.358534,44.429535,0.112587,HRDATA
"2022-10-29 11:00:42.935",0.000000,18.287479,1030.648117,-0.173477,-0.070099,-0.942749,0.961137,40.476151,-74.572478,121.722855,50.299249,47.818138,0.117365,HRDATA
"2022-10-29 11:00:43.035",0.000000,18.287479,1030.647125,-0.186157,0.108307,-0.744553,0.775076,40.476151,-74.572478,120.627357,50.054131,45.407696,0.119357,HRDATA
"2022-10-29 11:00:43.136",0.000000,18.205064,1030.647125,-0.044983,-0.001434,-0.930588,0.931675,40.476146,-74.572474,119.560059,50.369286,51.521126,0.122136,HRDATA
"2022-10-29 11:00:43.236",0.000000,18.205064,1030.647125,-0.207703,0.038071,-0.969482,0.992213,40.476146,-74.572474,117.421692,50.085422,48.651917,0.121983,HRDATA
"2022-10-29 11:00:43.335",0.000000,18.205064,1030.647125,-0.221451,0.022369,-0.896423,0.923643,40.476146,-74.572474,117.421692,50.085422,46.119362,0.126738,HRDATA
"2022-10-29 11:00:43.436",0.000000,18.205064,1030.647125,-0.282898,-0.054306,-0.963821,1.005948,40.476146,-74.572474,117.421692,50.085422,53.104031,0.124916,HRDATA
"2022-10-29 11:00:43.536",0.000000,18.205064,1030.647125,-0.234634,-0.042282,-1.076172,1.102264,40.476146,-74.572474,117.421692,50.085422,50.430531,0.121146,HRDATA
"2022-10-29 11:00:43.636",0.000000,18.205064,1030.647125,-0.091110,-0.098938,-1.185593,1.193197,40.476146,-74.572474,117.421692,50.085422,47.741516,0.120964,HRDATA
"2022-10-29 11:00:43.736",0.000000,18.205064,1030.647125,-0.050140,0.035278,-0.845627,0.847846,40.476146,-74.572474,117.421692,50.085422,49.274216,0.119783,HRDATA
"2022-10-29 11:00:43.836",0.000000,18.205064,1030.647125,-0.111435,-0.014877,-0.922958,0.929780,40.476146,-74.572474,117.421692,50.085422,46.918812,0.119287,HRDATA
"2022-10-29 11:00:43.936",0.000000,18.205064,1030.647125,-0.240280,-0.011826,-0.869888,0.902541,40.476146,-74.572474,116.365990,50.255715,50.510895,0.121190,HRDATA
"2022-10-29 11:00:44.035",0.000000,18.205064,1030.646744,-0.241196,-0.018539,-0.875580,0.908383,40.476146,-74.572474,116.365990,50.255715,48.001072,0.122064,HRDATA
"2022-10-29 11:00:44.136",0.000000,18.178244,1030.646744,-0.194702,-0.056381,-0.969650,0.990611,40.476139,-74.572470,115.242119,50.058670,45.246288,0.149055,HRDATA
"2022-10-29 11:00:44.236",0.000000,18.178244,1030.646744,-0.190643,-0.112152,-1.053925,1.076884,40.476139,-74.572470,115.242119,50.058670,46.685997,0.123894,HRDATA
"2022-10-29 11:00:44.335",0.000000,18.178244,1030.646744,-0.041992,0.014481,-1.121384,1.122263,40.476139,-74.572470,114.172661,49.878625,47.166611,0.188985,HRDATA
"2022-10-29 11:00:44.436",0.000000,18.178244,1030.646744,-0.018555,-0.010056,-0.925461,0.925701,40.476139,-74.572470,113.096985,49.820359,49.064976,0.183623,HRDATA
"2022-10-29 11:00:44.536",0.000000,18.178244,1030.646744,-0.091492,0.011444,-1.022842,1.026990,40.476139,-74.572470,111.884056,49.937086,46.639446,0.173654,HRDATA
"2022-10-29 11:00:44.636",0.000000,18.178244,1030.646744,-0.106033,0.003235,-0.958344,0.964197,40.476139,-74.572470,111.884056,49.937086,48.457581,0.162394,HRDATA
"2022-10-29 11:00:44.736",0.000000,18.178244,1030.646744,-0.152069,0.012512,-0.954956,0.967069,40.476139,-74.572470,110.848328,49.844040,48.537228,0.172430,HRDATA
"2022-10-29 11:00:44.834",0.000000,18.178244,1030.646744,-0.164307,0.005096,-0.990952,1.004494,40.476139,-74.572470,110.848328,49.844040,46.429520,0.172441,HRDATA
"2022-10-29 11:00:44.935",0.000000,18.178244,1030.646744,-0.117355,-0.083603,-1.086624,1.096136,40.476139,-74.572470,110.848328,49.844040,47.630367,0.160213,HRDATA
"2022-10-29 11:00:45.036",0.000000,18.178244,1030.646744,0.052048,-0.042526,-1.147202,1.149169,40.476139,-74.572470,110.848328,49.844040,48.407581,0.157137,HRDATA
"2022-10-29 11:00:45.136",0.000000,18.282528,1030.644379,-0.050659,0.099121,-0.953552,0.960028,40.476135,-74.572465,110.848328,49.844040,46.721893,0.150220,HRDATA
"2022-10-29 11:00:45.236",0.000000,18.282528,1030.644379,0.026764,0.060638,-0.931091,0.933448,40.476135,-74.572465,110.848328,49.844040,46.922386,0.148895,HRDATA
"2022-10-29 11:00:45.336",0.000000,18.282528,1030.644379,-0.081055,0.092636,-0.946075,0.954049,40.476135,-74.572465,110.848328,49.844040,50.595913,0.142460,HRDATA
"2022-10-29 11:00:45.436",0.000000,18.282528,1030.644379,-0.063232,0.035812,-0.984650,0.987328,40.476135,-74.572465,110.848328,49.844040,51.874920,0.125735,HRDATA
"2022-10-29 11:00:45.536",0.000000,18.282528,1030.644379,0.097595,-0.008102,-1.063507,1.068006,40.476135,-74.572465,110.848328,49.844040,51.873917,0.114428,HRDATA
"2022-10-29 11:00:45.636",0.000000,18.282528,1030.644379,-0.028946,0.014694,-1.012787,1.013307,40.476135,-74.572465,110.848328,49.844040,50.370960,0.106237,HRDATA
"2022-10-29 11:00:45.736",0.000000,18.282528,1030.644379,-0.024689,0.012131,-0.973602,0.973991,40.476135,-74.572465,109.832031,50.288063,54.738369,0.106236,HRDATA
"2022-10-29 11:00:45.835",0.000000,18.282528,1030.644379,-0.103745,-0.016174,-1.036469,1.041773,40.476135,-74.572465,109.832031,50.288063,53.220318,0.106133,HRDATA
"2022-10-29 11:00:45.936",0.000000,18.282528,1030.644379,-0.078140,0.015686,-1.033646,1.036714,40.476135,-74.572465,109.832031,50.288063,51.462780,0.111476,HRDATA
"2022-10-29 11:00:46.035",0.000000,18.282528,1030.644379,-0.085419,-0.024994,-1.011887,1.015793,40.476135,-74.572465,108.813637,50.245344,49.107033,0.118941,HRDATA
"2022-10-29 11:00:46.136",0.000000,18.103507,1030.644379,-0.089340,-0.047699,-0.975174,0.980419,40.476131,-74.572462,108.813637,50.245344,56.176842,0.136039,HRDATA
"2022-10-29 11:00:46.236",0.000000,18.103507,1030.641251,-0.059662,-0.057129,-0.895844,0.899644,40.476131,-74.572462,108.813637,50.245344,53.271015,0.137955,HRDATA
"2022-10-29 11:00:46.335",0.000000,18.103507,1030.641251,-0.127823,-0.022141,-0.932220,0.941203,40.476131,-74.572462,107.762177,50.306557,51.552097,0.134527,HRDATA
"2022-10-29 11:00:46.435",0.000000,18.103507,1030.641251,-0.089233,-0.043243,-0.951431,0.956585,40.476131,-74.572462,106.755096,50.167278,51.421509,0.122093,HRDATA
"2022-10-29 11:00:46.535",0.000000,18.103507,1030.641251,-0.079117,-0.058731,-0.991852,0.996734,40.476131,-74.572462,105.715912,50.355099,48.881870,0.114459,HRDATA
"2022-10-29 11:00:46.636",0.000000,18.103507,1030.641251,-0.100235,-0.009674,-0.985397,0.990529,40.476131,-74.572462,104.556938,50.247922,51.327637,0.105257,HRDATA
"2022-10-29 11:00:46.736",0.000000,18.103507,1030.641251,-0.100433,-0.011017,-0.983536,0.988712,40.476131,-74.572462,103.450409,50.217123,52.661636,0.104279,HRDATA
"2022-10-29 11:00:46.835",0.000000,18.103507,1030.641251,0.002701,-0.057800,-1.003723,1.005390,40.476131,-74.572462,101.362289,50.351312,52.232563,0.106960,HRDATA
"2022-10-29 11:00:46.936",0.000000,18.103507,1030.641251,-0.092865,-0.021942,-1.031281,1.035686,40.476131,-74.572462,100.294769,50.120956,50.882809,0.129147,HRDATA
"2022-10-29 11:00:47.035",0.000000,18.103507,1030.641251,-0.149155,0.002594,-0.998398,1.009481,40.476131,-74.572462,97.979240,50.216123,52.069111,0.157501,HRDATA
"2022-10-29 11:00:47.136",0.000000,18.242776,1030.641251,-0.169785,0.074661,-1.201385,1.215618,40.476129,-74.572461,95.906662,50.098143,55.697292,0.188598,HRDATA
"2022-10-29 11:00:47.235",0.000000,18.242776,1030.638885,-0.070663,0.031509,-1.178818,1.181354,40.476129,-74.572461,94.763145,50.246699,53.471165,0.192360,HRDATA
"2022-10-29 11:00:47.335",0.000000,18.242776,1030.638885,-0.032288,-0.049683,-0.943497,0.945355,40.476129,-74.572461,93.600777,49.790103,50.838539,0.175186,HRDATA
"2022-10-29 11:00:47.435",0.000000,18.242776,1030.638885,-0.057816,-0.062424,-0.880646,0.884746,40.476129,-74.572461,91.043831,49.912596,51.318634,0.152891,HRDATA
"2022-10-29 11:00:47.535",0.000000,18.242776,1030.638885,-0.054169,-0.065979,-0.913132,0.917113,40.476129,-74.572461,89.741776,50.091197,51.127430,0.131190,HRDATA
"2022-10-29 11:00:47.635",0.000000,18.242776,1030.638885,-0.184418,-0.027924,-0.833206,0.853828,40.476129,-74.572461,85.988243,50.082428,50.242702,0.130625,HRDATA
"2022-10-29 11:00:47.735",0.000000,18.242776,1030.638885,-0.234741,0.031693,-1.056992,1.083208,40.476129,-74.572461,84.961273,50.100256,51.229279,0.094824,HRDATA
"2022-10-29 11:00:47.835",0.000000,18.242776,1030.638885,-0.363297,0.001144,-0.923782,0.992653,40.476129,-74.572461,83.745056,50.010368,54.962288,0.104077,HRDATA
"2022-10-29 11:00:47.935",0.000000,18.242776,1030.638885,-0.356430,0.021683,-0.930649,0.996805,40.476129,-74.572461,83.745056,50.010368,52.418766,0.138597,HRDATA
"2022-10-29 11:00:48.036",0.000000,18.242776,1030.638885,-0.391617,0.010132,-1.046356,1.117286,40.476129,-74.572461,83.745056,50.010368,54.277512,0.154896,HRDATA
"2022-10-29 11:00:48.136",0.000000,18.191034,1030.638885,-0.338089,0.012756,-0.966080,1.023610,40.476129,-74.572457,83.745056,50.010368,50.648758,0.166030,HRDATA
"2022-10-29 11:00:48.236",0.000000,18.191034,1030.638885,-0.369827,0.075180,-0.987823,1.057459,40.476129,-74.572457,83.745056,50.010368,49.146217,0.164981,HRDATA
"2022-10-29 11:00:48.336",0.000000,18.191034,1030.638046,-0.288864,-0.007843,-0.897888,0.943243,40.476129,-74.572457,83.745056,50.010368,53.234283,0.166718,HRDATA
"2022-10-29 11:00:48.435",0.000000,18.191034,1030.638046,-0.336945,0.023422,-0.909744,0.970420,40.476129,-74.572457,83.745056,50.010368,53.330784,0.165434,HRDATA
"2022-10-29 11:00:48.536",0.000000,18.191034,1030.638046,-0.319443,-0.007675,-0.900772,0.955768,40.476129,-74.572457,84.779152,49.230170,53.190144,0.162981,HRDATA
"2022-10-29 11:00:48.636",0.000000,18.191034,1030.638046,-0.337173,0.009262,-0.928497,0.987866,40.476129,-74.572457,84.779152,49.230170,50.395401,0.158963,HRDATA
"2022-10-29 11:00:48.736",0.000000,18.191034,1030.638046,-0.331223,0.010330,-0.965134,1.020440,40.476129,-74.572457,84.779152,49.230170,51.411552,0.154629,HRDATA
"2022-10-29 11:00:48.836",0.000000,18.191034,1030.638046,-0.336685,0.027023,-0.953781,1.011823,40.476129,-74.572457,84.779152,49.230170,48.519154,0.150630,HRDATA
"2022-10-29 11:00:48.935",0.000000,18.191034,1030.638046,-0.341858,0.019714,-0.950577,1.010372,40.476129,-74.572457,84.779152,49.230170,52.970726,0.146170,HRDATA
"2022-10-29 11:00:49.036",0.000000,18.191034,1030.638046,-0.343918,0.022751,-0.943771,1.004740,40.476129,-74.572457,84.779152,49.230170,50.551144,0.141939,HRDATA
"2022-10-29 11:00:49.136",0.000000,18.284477,1030.638046,-0.339523,0.025314,-0.930344,0.990685,40.476127,-74.572456,84.779152,49.230170,48.329231,0.139569,HRDATA
